category,direction,object_type,table,name,local_bram_definition,yoga_definition,if_local_bram_is_source,if_yoga_is_source,note
table_missing,local_only,table,tb_lpb_price_adjustment,tb_lpb_price_adjustment,CREATE TABLE exists,,ADD TABLE to Yoga,DROP TABLE from Local,"Ada di local_bram, tidak ada di Yoga"
table_missing,local_only,table,tb_lpb_price_adjustment_detail,tb_lpb_price_adjustment_detail,CREATE TABLE exists,,ADD TABLE to Yoga,DROP TABLE from Local,"Ada di local_bram, tidak ada di Yoga"
table_missing,local_only,table,tb_retur_pembelian,tb_retur_pembelian,CREATE TABLE exists,,ADD TABLE to Yoga,DROP TABLE from Local,"Ada di local_bram, tidak ada di Yoga"
table_missing,local_only,table,tb_retur_pembelian_detail,tb_retur_pembelian_detail,CREATE TABLE exists,,ADD TABLE to Yoga,DROP TABLE from Local,"Ada di local_bram, tidak ada di Yoga"
table_missing,local_only,table,tb_retur_pembelian_log,tb_retur_pembelian_log,CREATE TABLE exists,,ADD TABLE to Yoga,DROP TABLE from Local,"Ada di local_bram, tidak ada di Yoga"
table_missing,local_only,table,tb_spr_detail,tb_spr_detail,CREATE TABLE exists,,ADD TABLE to Yoga,DROP TABLE from Local,"Ada di local_bram, tidak ada di Yoga"
table_missing,local_only,table,tb_spr_header,tb_spr_header,CREATE TABLE exists,,ADD TABLE to Yoga,DROP TABLE from Local,"Ada di local_bram, tidak ada di Yoga"
table_missing,local_only,table,tbso_so_approval,tbso_so_approval,CREATE TABLE exists,,ADD TABLE to Yoga,DROP TABLE from Local,"Ada di local_bram, tidak ada di Yoga"
table_missing,local_only,table,tbso_stock_reservation,tbso_stock_reservation,CREATE TABLE exists,,ADD TABLE to Yoga,DROP TABLE from Local,"Ada di local_bram, tidak ada di Yoga"
table_missing,yoga_only,table,tbpo_barang_akun,tbpo_barang_akun,,CREATE TABLE exists,DROP TABLE from Yoga,ADD TABLE to Local,"Ada di Yoga, tidak ada di local_bram"
table_missing,yoga_only,table,tbpo_barang_bck,tbpo_barang_bck,,CREATE TABLE exists,DROP TABLE from Yoga,ADD TABLE to Local,"Ada di Yoga, tidak ada di local_bram"
table_missing,yoga_only,table,tbso_faktur_jurnal,tbso_faktur_jurnal,,CREATE TABLE exists,DROP TABLE from Yoga,ADD TABLE to Local,"Ada di Yoga, tidak ada di local_bram"
view_missing,yoga_only,view,v_available_stock,v_available_stock,,CREATE VIEW exists,DROP VIEW from Yoga,ADD VIEW to Local,Yoga memiliki view real; local_bram tidak punya CREATE VIEW
view_missing,yoga_only,view,v_show_diff_ics,v_show_diff_ics,,CREATE VIEW exists,DROP VIEW from Yoga,ADD VIEW to Local,Yoga memiliki view real; local_bram tidak punya CREATE VIEW
view_missing,yoga_only,view,v_stock_in,v_stock_in,,CREATE VIEW exists,DROP VIEW from Yoga,ADD VIEW to Local,Yoga memiliki view real; local_bram tidak punya CREATE VIEW
view_missing,yoga_only,view,v_stock_mutasi_in,v_stock_mutasi_in,,CREATE VIEW exists,DROP VIEW from Yoga,ADD VIEW to Local,Yoga memiliki view real; local_bram tidak punya CREATE VIEW
view_missing,yoga_only,view,v_stock_mutasi_out,v_stock_mutasi_out,,CREATE VIEW exists,DROP VIEW from Yoga,ADD VIEW to Local,Yoga memiliki view real; local_bram tidak punya CREATE VIEW
view_missing,yoga_only,view,v_stock_out,v_stock_out,,CREATE VIEW exists,DROP VIEW from Yoga,ADD VIEW to Local,Yoga memiliki view real; local_bram tidak punya CREATE VIEW
view_missing,yoga_only,view,v_stock_per_gudang,v_stock_per_gudang,,CREATE VIEW exists,DROP VIEW from Yoga,ADD VIEW to Local,Yoga memiliki view real; local_bram tidak punya CREATE VIEW
view_missing,yoga_only,view,v_stock_saldo_awal,v_stock_saldo_awal,,CREATE VIEW exists,DROP VIEW from Yoga,ADD VIEW to Local,Yoga memiliki view real; local_bram tidak punya CREATE VIEW
column_collation_only,different,column,cctv_tracking,ip_kamera,varchar(45) NOT NULL,varchar(45) COLLATE utf8mb4_unicode_ci NOT NULL,MODIFY COLUMN in Yoga to local_bram definition,MODIFY COLUMN in Local to Yoga definition,Perbedaan hanya COLLATE eksplisit pada kolom
column_collation_only,different,column,cctv_tracking,keterangan,text DEFAULT NULL,text COLLATE utf8mb4_unicode_ci DEFAULT NULL,MODIFY COLUMN in Yoga to local_bram definition,MODIFY COLUMN in Local to Yoga definition,Perbedaan hanya COLLATE eksplisit pada kolom
column_collation_only,different,column,cctv_tracking,lokasi,varchar(100) NOT NULL,varchar(100) COLLATE utf8mb4_unicode_ci NOT NULL,MODIFY COLUMN in Yoga to local_bram definition,MODIFY COLUMN in Local to Yoga definition,Perbedaan hanya COLLATE eksplisit pada kolom
column_collation_only,different,column,cctv_tracking,nama_kamera,varchar(100) NOT NULL,varchar(100) COLLATE utf8mb4_unicode_ci NOT NULL,MODIFY COLUMN in Yoga to local_bram definition,MODIFY COLUMN in Local to Yoga definition,Perbedaan hanya COLLATE eksplisit pada kolom
column_collation_only,different,column,cctv_tracking,status,"enum('Online','Offline') NOT NULL DEFAULT 'Offline'","enum('Online','Offline') COLLATE utf8mb4_unicode_ci NOT NULL DEFAULT 'Offline'",MODIFY COLUMN in Yoga to local_bram definition,MODIFY COLUMN in Local to Yoga definition,Perbedaan hanya COLLATE eksplisit pada kolom
column_collation_only,different,column,cctv_tracking,status_rekaman,"enum('Terekam','Tidak') NOT NULL DEFAULT 'Tidak'","enum('Terekam','Tidak') COLLATE utf8mb4_unicode_ci NOT NULL DEFAULT 'Tidak'",MODIFY COLUMN in Yoga to local_bram definition,MODIFY COLUMN in Local to Yoga definition,Perbedaan hanya COLLATE eksplisit pada kolom
table_option_diff,different,table_option,stockopname_master,,ENGINE=InnoDB DEFAULT CHARSET=utf8mb4 COLLATE=utf8mb4_general_ci,ENGINE=InnoDB DEFAULT CHARSET=utf8mb4,ALTER TABLE option/collation in Yoga to match local_bram,ALTER TABLE option/collation in Local to match Yoga,Umumnya beda COLLATE eksplisit vs default dump
table_option_diff,different,table_option,stockopname_master_box,,ENGINE=InnoDB DEFAULT CHARSET=utf8mb4 COLLATE=utf8mb4_general_ci,ENGINE=InnoDB DEFAULT CHARSET=utf8mb4,ALTER TABLE option/collation in Yoga to match local_bram,ALTER TABLE option/collation in Local to match Yoga,Umumnya beda COLLATE eksplisit vs default dump
table_option_diff,different,table_option,stockopname_master_item,,ENGINE=InnoDB DEFAULT CHARSET=utf8mb4 COLLATE=utf8mb4_general_ci,ENGINE=InnoDB DEFAULT CHARSET=utf8mb4,ALTER TABLE option/collation in Yoga to match local_bram,ALTER TABLE option/collation in Local to match Yoga,Umumnya beda COLLATE eksplisit vs default dump
table_option_diff,different,table_option,stockopname_master_manual_item,,ENGINE=InnoDB DEFAULT CHARSET=utf8mb4 COLLATE=utf8mb4_general_ci,ENGINE=InnoDB DEFAULT CHARSET=utf8mb4,ALTER TABLE option/collation in Yoga to match local_bram,ALTER TABLE option/collation in Local to match Yoga,Umumnya beda COLLATE eksplisit vs default dump
table_option_diff,different,table_option,stockopname_opname,,ENGINE=InnoDB DEFAULT CHARSET=utf8mb4 COLLATE=utf8mb4_general_ci,ENGINE=InnoDB DEFAULT CHARSET=utf8mb4,ALTER TABLE option/collation in Yoga to match local_bram,ALTER TABLE option/collation in Local to match Yoga,Umumnya beda COLLATE eksplisit vs default dump
table_option_diff,different,table_option,stockopname_opname_log,,ENGINE=InnoDB DEFAULT CHARSET=utf8mb4 COLLATE=utf8mb4_general_ci,ENGINE=InnoDB DEFAULT CHARSET=utf8mb4,ALTER TABLE option/collation in Yoga to match local_bram,ALTER TABLE option/collation in Local to match Yoga,Umumnya beda COLLATE eksplisit vs default dump
table_option_diff,different,table_option,stockopname_opname_manual,,ENGINE=InnoDB DEFAULT CHARSET=utf8mb4 COLLATE=utf8mb4_general_ci,ENGINE=InnoDB DEFAULT CHARSET=utf8mb4,ALTER TABLE option/collation in Yoga to match local_bram,ALTER TABLE option/collation in Local to match Yoga,Umumnya beda COLLATE eksplisit vs default dump
column_missing,local_only,column,stockopname_pending,created_at,datetime NOT NULL DEFAULT current_timestamp(),,ADD COLUMN to Yoga,DROP COLUMN from Local,
column_missing,local_only,column,stockopname_pending,created_by,varchar(100) DEFAULT NULL,,ADD COLUMN to Yoga,DROP COLUMN from Local,
column_missing,local_only,column,stockopname_pending,expired_date,date DEFAULT NULL,,ADD COLUMN to Yoga,DROP COLUMN from Local,
column_missing,local_only,column,stockopname_pending,kode_barang,varchar(50) NOT NULL DEFAULT '',,ADD COLUMN to Yoga,DROP COLUMN from Local,
column_missing,local_only,column,stockopname_pending,qty_box,int(12) NOT NULL DEFAULT 0,,ADD COLUMN to Yoga,DROP COLUMN from Local,
column_missing,local_only,column,stockopname_pending,qty_pcs,int(12) NOT NULL DEFAULT 0,,ADD COLUMN to Yoga,DROP COLUMN from Local,
column_missing,local_only,column,stockopname_pending,updated_at,datetime DEFAULT NULL ON UPDATE current_timestamp(),,ADD COLUMN to Yoga,DROP COLUMN from Local,
column_missing,local_only,column,stockopname_pending,updated_by,varchar(100) DEFAULT NULL,,ADD COLUMN to Yoga,DROP COLUMN from Local,
table_option_diff,different,table_option,stockopname_pending,,ENGINE=InnoDB DEFAULT CHARSET=utf8mb4 COLLATE=utf8mb4_general_ci,ENGINE=InnoDB DEFAULT CHARSET=utf8mb4,ALTER TABLE option/collation in Yoga to match local_bram,ALTER TABLE option/collation in Local to match Yoga,Umumnya beda COLLATE eksplisit vs default dump
table_option_diff,different,table_option,stockopname_recyclebin_input,,ENGINE=InnoDB DEFAULT CHARSET=utf8mb4 COLLATE=utf8mb4_general_ci,ENGINE=InnoDB DEFAULT CHARSET=utf8mb4,ALTER TABLE option/collation in Yoga to match local_bram,ALTER TABLE option/collation in Local to match Yoga,Umumnya beda COLLATE eksplisit vs default dump
table_option_diff,different,table_option,tb_akses_level,,ENGINE=InnoDB DEFAULT CHARSET=utf8mb4 COLLATE=utf8mb4_general_ci,ENGINE=InnoDB DEFAULT CHARSET=utf8mb4,ALTER TABLE option/collation in Yoga to match local_bram,ALTER TABLE option/collation in Local to match Yoga,Umumnya beda COLLATE eksplisit vs default dump
table_option_diff,different,table_option,tb_akses_menu,,ENGINE=InnoDB DEFAULT CHARSET=utf8mb4 COLLATE=utf8mb4_general_ci,ENGINE=InnoDB DEFAULT CHARSET=utf8mb4,ALTER TABLE option/collation in Yoga to match local_bram,ALTER TABLE option/collation in Local to match Yoga,Umumnya beda COLLATE eksplisit vs default dump
table_option_diff,different,table_option,tb_auth,,ENGINE=InnoDB DEFAULT CHARSET=utf8mb4 COLLATE=utf8mb4_general_ci,ENGINE=InnoDB DEFAULT CHARSET=utf8mb4,ALTER TABLE option/collation in Yoga to match local_bram,ALTER TABLE option/collation in Local to match Yoga,Umumnya beda COLLATE eksplisit vs default dump
table_option_diff,different,table_option,tb_auth_backup_20260610_072706,,ENGINE=InnoDB DEFAULT CHARSET=utf8mb4 COLLATE=utf8mb4_general_ci,ENGINE=InnoDB DEFAULT CHARSET=utf8mb4,ALTER TABLE option/collation in Yoga to match local_bram,ALTER TABLE option/collation in Local to match Yoga,Umumnya beda COLLATE eksplisit vs default dump
table_option_diff,different,table_option,tb_barangv2,,ENGINE=InnoDB DEFAULT CHARSET=utf8mb4 COLLATE=utf8mb4_general_ci,ENGINE=InnoDB DEFAULT CHARSET=utf8mb4,ALTER TABLE option/collation in Yoga to match local_bram,ALTER TABLE option/collation in Local to match Yoga,Umumnya beda COLLATE eksplisit vs default dump
table_option_diff,different,table_option,tb_bobotkpi,,ENGINE=InnoDB DEFAULT CHARSET=utf8mb4 COLLATE=utf8mb4_general_ci,ENGINE=InnoDB DEFAULT CHARSET=utf8mb4,ALTER TABLE option/collation in Yoga to match local_bram,ALTER TABLE option/collation in Local to match Yoga,Umumnya beda COLLATE eksplisit vs default dump
table_option_diff,different,table_option,tb_bongkaran,,ENGINE=InnoDB DEFAULT CHARSET=utf8mb4 COLLATE=utf8mb4_general_ci COMMENT='Data bongkaran utama',ENGINE=InnoDB DEFAULT CHARSET=utf8mb4 COMMENT='Data bongkaran utama',ALTER TABLE option/collation in Yoga to match local_bram,ALTER TABLE option/collation in Local to match Yoga,Umumnya beda COLLATE eksplisit vs default dump
table_option_diff,different,table_option,tb_bongkaran_checker,,ENGINE=InnoDB DEFAULT CHARSET=utf8mb4 COLLATE=utf8mb4_general_ci COMMENT='Progres checker per bongkaran',ENGINE=InnoDB DEFAULT CHARSET=utf8mb4 COMMENT='Progres checker per bongkaran',ALTER TABLE option/collation in Yoga to match local_bram,ALTER TABLE option/collation in Local to match Yoga,Umumnya beda COLLATE eksplisit vs default dump
table_option_diff,different,table_option,tb_checklist_kendaraan,,ENGINE=InnoDB DEFAULT CHARSET=utf8mb4 COLLATE=utf8mb4_general_ci,ENGINE=InnoDB DEFAULT CHARSET=utf8mb4,ALTER TABLE option/collation in Yoga to match local_bram,ALTER TABLE option/collation in Local to match Yoga,Umumnya beda COLLATE eksplisit vs default dump
table_option_diff,different,table_option,tb_checklist_kendaraan_detail,,ENGINE=InnoDB DEFAULT CHARSET=utf8mb4 COLLATE=utf8mb4_general_ci,ENGINE=InnoDB DEFAULT CHARSET=utf8mb4,ALTER TABLE option/collation in Yoga to match local_bram,ALTER TABLE option/collation in Local to match Yoga,Umumnya beda COLLATE eksplisit vs default dump
table_option_diff,different,table_option,tb_checkup_mekanik_kategori,,ENGINE=InnoDB DEFAULT CHARSET=utf8mb4 COLLATE=utf8mb4_general_ci,ENGINE=InnoDB DEFAULT CHARSET=utf8mb4,ALTER TABLE option/collation in Yoga to match local_bram,ALTER TABLE option/collation in Local to match Yoga,Umumnya beda COLLATE eksplisit vs default dump
table_option_diff,different,table_option,tb_checkup_mekanik_kategori_detail,,ENGINE=InnoDB DEFAULT CHARSET=utf8mb4 COLLATE=utf8mb4_general_ci,ENGINE=InnoDB DEFAULT CHARSET=utf8mb4,ALTER TABLE option/collation in Yoga to match local_bram,ALTER TABLE option/collation in Local to match Yoga,Umumnya beda COLLATE eksplisit vs default dump
table_option_diff,different,table_option,tb_checkup_mekanik_kategori_foto,,ENGINE=InnoDB DEFAULT CHARSET=utf8 COLLATE=utf8_general_ci,ENGINE=InnoDB DEFAULT CHARSET=utf8,ALTER TABLE option/collation in Yoga to match local_bram,ALTER TABLE option/collation in Local to match Yoga,Umumnya beda COLLATE eksplisit vs default dump
table_option_diff,different,table_option,tb_customer,,ENGINE=InnoDB DEFAULT CHARSET=utf8mb4 COLLATE=utf8mb4_general_ci,ENGINE=InnoDB DEFAULT CHARSET=utf8mb4,ALTER TABLE option/collation in Yoga to match local_bram,ALTER TABLE option/collation in Local to match Yoga,Umumnya beda COLLATE eksplisit vs default dump
table_option_diff,different,table_option,tb_customer_list_undian,,ENGINE=InnoDB DEFAULT CHARSET=utf8mb4 COLLATE=utf8mb4_general_ci,ENGINE=InnoDB DEFAULT CHARSET=utf8mb4,ALTER TABLE option/collation in Yoga to match local_bram,ALTER TABLE option/collation in Local to match Yoga,Umumnya beda COLLATE eksplisit vs default dump
table_option_diff,different,table_option,tb_dailystock,,ENGINE=InnoDB DEFAULT CHARSET=utf8mb4 COLLATE=utf8mb4_general_ci,ENGINE=InnoDB DEFAULT CHARSET=utf8mb4,ALTER TABLE option/collation in Yoga to match local_bram,ALTER TABLE option/collation in Local to match Yoga,Umumnya beda COLLATE eksplisit vs default dump
table_option_diff,different,table_option,tb_dailystock_global,,ENGINE=InnoDB DEFAULT CHARSET=utf8mb4 COLLATE=utf8mb4_general_ci,ENGINE=InnoDB DEFAULT CHARSET=utf8mb4,ALTER TABLE option/collation in Yoga to match local_bram,ALTER TABLE option/collation in Local to match Yoga,Umumnya beda COLLATE eksplisit vs default dump
table_option_diff,different,table_option,tb_departemen,,ENGINE=InnoDB DEFAULT CHARSET=utf8mb4 COLLATE=utf8mb4_general_ci,ENGINE=InnoDB DEFAULT CHARSET=utf8mb4,ALTER TABLE option/collation in Yoga to match local_bram,ALTER TABLE option/collation in Local to match Yoga,Umumnya beda COLLATE eksplisit vs default dump
table_option_diff,different,table_option,tb_det_tracking_driver,,ENGINE=InnoDB DEFAULT CHARSET=utf8mb4 COLLATE=utf8mb4_general_ci,ENGINE=InnoDB DEFAULT CHARSET=utf8mb4,ALTER TABLE option/collation in Yoga to match local_bram,ALTER TABLE option/collation in Local to match Yoga,Umumnya beda COLLATE eksplisit vs default dump
table_option_diff,different,table_option,tb_detail_do,,ENGINE=InnoDB DEFAULT CHARSET=utf8mb4 COLLATE=utf8mb4_general_ci,ENGINE=InnoDB DEFAULT CHARSET=utf8mb4,ALTER TABLE option/collation in Yoga to match local_bram,ALTER TABLE option/collation in Local to match Yoga,Umumnya beda COLLATE eksplisit vs default dump
column_missing,local_only,column,tb_detail_mutasi,no_lot,varchar(100) DEFAULT NULL,,ADD COLUMN to Yoga,DROP COLUMN from Local,
table_option_diff,different,table_option,tb_detail_mutasi,,ENGINE=InnoDB DEFAULT CHARSET=utf8mb4 COLLATE=utf8mb4_general_ci,ENGINE=InnoDB DEFAULT CHARSET=utf8mb4,ALTER TABLE option/collation in Yoga to match local_bram,ALTER TABLE option/collation in Local to match Yoga,Umumnya beda COLLATE eksplisit vs default dump
table_option_diff,different,table_option,tb_detail_retur_barang,,ENGINE=InnoDB DEFAULT CHARSET=utf8mb4 COLLATE=utf8mb4_general_ci,ENGINE=InnoDB DEFAULT CHARSET=utf8mb4,ALTER TABLE option/collation in Yoga to match local_bram,ALTER TABLE option/collation in Local to match Yoga,Umumnya beda COLLATE eksplisit vs default dump
column_missing,local_only,column,tb_do,sales_confirm_at,datetime DEFAULT NULL,,ADD COLUMN to Yoga,DROP COLUMN from Local,
column_missing,local_only,column,tb_do,sales_confirm_by,varchar(100) DEFAULT NULL,,ADD COLUMN to Yoga,DROP COLUMN from Local,
column_missing,local_only,column,tb_do,sales_confirm_note,text DEFAULT NULL,,ADD COLUMN to Yoga,DROP COLUMN from Local,
column_missing,local_only,column,tb_do,sales_confirm_status,"enum('pending','siap','belum_siap') DEFAULT NULL",,ADD COLUMN to Yoga,DROP COLUMN from Local,
table_option_diff,different,table_option,tb_do,,ENGINE=InnoDB DEFAULT CHARSET=utf8mb4 COLLATE=utf8mb4_general_ci,ENGINE=InnoDB DEFAULT CHARSET=utf8mb4,ALTER TABLE option/collation in Yoga to match local_bram,ALTER TABLE option/collation in Local to match Yoga,Umumnya beda COLLATE eksplisit vs default dump
index_missing,local_only,index,tb_do,"ADD KEY idx_tb_do_sales_confirm (sales_confirm_status,status)","ADD KEY idx_tb_do_sales_confirm (sales_confirm_status,status)",,ADD INDEX/KEY to Yoga,DROP INDEX/KEY from Local,
table_option_diff,different,table_option,tb_editlog_faktur,,ENGINE=InnoDB DEFAULT CHARSET=utf8mb4 COLLATE=utf8mb4_general_ci,ENGINE=InnoDB DEFAULT CHARSET=utf8mb4,ALTER TABLE option/collation in Yoga to match local_bram,ALTER TABLE option/collation in Local to match Yoga,Umumnya beda COLLATE eksplisit vs default dump
table_option_diff,different,table_option,tb_eviden,,ENGINE=InnoDB DEFAULT CHARSET=utf8mb4 COLLATE=utf8mb4_general_ci,ENGINE=InnoDB DEFAULT CHARSET=utf8mb4,ALTER TABLE option/collation in Yoga to match local_bram,ALTER TABLE option/collation in Local to match Yoga,Umumnya beda COLLATE eksplisit vs default dump
table_option_diff,different,table_option,tb_eviden_backup,,ENGINE=InnoDB DEFAULT CHARSET=utf8mb4 COLLATE=utf8mb4_general_ci,ENGINE=InnoDB DEFAULT CHARSET=utf8mb4,ALTER TABLE option/collation in Yoga to match local_bram,ALTER TABLE option/collation in Local to match Yoga,Umumnya beda COLLATE eksplisit vs default dump
table_option_diff,different,table_option,tb_expedisi,,ENGINE=InnoDB DEFAULT CHARSET=utf8mb4 COLLATE=utf8mb4_general_ci,ENGINE=InnoDB DEFAULT CHARSET=utf8mb4,ALTER TABLE option/collation in Yoga to match local_bram,ALTER TABLE option/collation in Local to match Yoga,Umumnya beda COLLATE eksplisit vs default dump
table_option_diff,different,table_option,tb_feedback,,ENGINE=InnoDB DEFAULT CHARSET=utf8mb4 COLLATE=utf8mb4_general_ci,ENGINE=InnoDB DEFAULT CHARSET=utf8mb4,ALTER TABLE option/collation in Yoga to match local_bram,ALTER TABLE option/collation in Local to match Yoga,Umumnya beda COLLATE eksplisit vs default dump
table_option_diff,different,table_option,tb_gbrupload_cheklist,,ENGINE=InnoDB DEFAULT CHARSET=utf8mb4 COLLATE=utf8mb4_general_ci,ENGINE=InnoDB DEFAULT CHARSET=utf8mb4,ALTER TABLE option/collation in Yoga to match local_bram,ALTER TABLE option/collation in Local to match Yoga,Umumnya beda COLLATE eksplisit vs default dump
table_option_diff,different,table_option,tb_gudang,,ENGINE=InnoDB DEFAULT CHARSET=utf8mb4 COLLATE=utf8mb4_general_ci,ENGINE=InnoDB DEFAULT CHARSET=utf8mb4,ALTER TABLE option/collation in Yoga to match local_bram,ALTER TABLE option/collation in Local to match Yoga,Umumnya beda COLLATE eksplisit vs default dump
table_option_diff,different,table_option,tb_gudang_wilayah,,ENGINE=InnoDB DEFAULT CHARSET=utf8mb4 COLLATE=utf8mb4_general_ci,ENGINE=InnoDB DEFAULT CHARSET=utf8mb4,ALTER TABLE option/collation in Yoga to match local_bram,ALTER TABLE option/collation in Local to match Yoga,Umumnya beda COLLATE eksplisit vs default dump
table_option_diff,different,table_option,tb_hows,,ENGINE=InnoDB DEFAULT CHARSET=utf8mb4 COLLATE=utf8mb4_general_ci,ENGINE=InnoDB DEFAULT CHARSET=utf8mb4,ALTER TABLE option/collation in Yoga to match local_bram,ALTER TABLE option/collation in Local to match Yoga,Umumnya beda COLLATE eksplisit vs default dump
table_option_diff,different,table_option,tb_ics,,ENGINE=InnoDB DEFAULT CHARSET=utf8mb4 COLLATE=utf8mb4_general_ci,ENGINE=InnoDB DEFAULT CHARSET=utf8mb4,ALTER TABLE option/collation in Yoga to match local_bram,ALTER TABLE option/collation in Local to match Yoga,Umumnya beda COLLATE eksplisit vs default dump
table_option_diff,different,table_option,tb_ics_do,,ENGINE=InnoDB DEFAULT CHARSET=utf8mb4 COLLATE=utf8mb4_general_ci,ENGINE=InnoDB DEFAULT CHARSET=utf8mb4,ALTER TABLE option/collation in Yoga to match local_bram,ALTER TABLE option/collation in Local to match Yoga,Umumnya beda COLLATE eksplisit vs default dump
table_option_diff,different,table_option,tb_ics_opname,,ENGINE=InnoDB DEFAULT CHARSET=utf8mb4 COLLATE=utf8mb4_general_ci,ENGINE=InnoDB DEFAULT CHARSET=utf8mb4,ALTER TABLE option/collation in Yoga to match local_bram,ALTER TABLE option/collation in Local to match Yoga,Umumnya beda COLLATE eksplisit vs default dump
table_option_diff,different,table_option,tb_ics_po,,ENGINE=InnoDB DEFAULT CHARSET=utf8mb4 COLLATE=utf8mb4_general_ci,ENGINE=InnoDB DEFAULT CHARSET=utf8mb4,ALTER TABLE option/collation in Yoga to match local_bram,ALTER TABLE option/collation in Local to match Yoga,Umumnya beda COLLATE eksplisit vs default dump
table_option_diff,different,table_option,tb_ics_supp,,ENGINE=InnoDB DEFAULT CHARSET=utf8mb4 COLLATE=utf8mb4_general_ci,ENGINE=InnoDB DEFAULT CHARSET=utf8mb4,ALTER TABLE option/collation in Yoga to match local_bram,ALTER TABLE option/collation in Local to match Yoga,Umumnya beda COLLATE eksplisit vs default dump
table_option_diff,different,table_option,tb_indikator_hows,,ENGINE=InnoDB DEFAULT CHARSET=utf8mb4 COLLATE=utf8mb4_general_ci,ENGINE=InnoDB DEFAULT CHARSET=utf8mb4,ALTER TABLE option/collation in Yoga to match local_bram,ALTER TABLE option/collation in Local to match Yoga,Umumnya beda COLLATE eksplisit vs default dump
table_option_diff,different,table_option,tb_indikator_whats,,ENGINE=InnoDB DEFAULT CHARSET=utf8mb4 COLLATE=utf8mb4_general_ci,ENGINE=InnoDB DEFAULT CHARSET=utf8mb4,ALTER TABLE option/collation in Yoga to match local_bram,ALTER TABLE option/collation in Local to match Yoga,Umumnya beda COLLATE eksplisit vs default dump
table_option_diff,different,table_option,tb_issue,,ENGINE=InnoDB DEFAULT CHARSET=utf8mb4 COLLATE=utf8mb4_general_ci,ENGINE=InnoDB DEFAULT CHARSET=utf8mb4,ALTER TABLE option/collation in Yoga to match local_bram,ALTER TABLE option/collation in Local to match Yoga,Umumnya beda COLLATE eksplisit vs default dump
table_option_diff,different,table_option,tb_jobdesk,,ENGINE=InnoDB DEFAULT CHARSET=utf8mb4 COLLATE=utf8mb4_general_ci,ENGINE=InnoDB DEFAULT CHARSET=utf8mb4,ALTER TABLE option/collation in Yoga to match local_bram,ALTER TABLE option/collation in Local to match Yoga,Umumnya beda COLLATE eksplisit vs default dump
column_missing,local_only,column,tb_karyawan,akses_lv_id,int(11) DEFAULT NULL,,ADD COLUMN to Yoga,DROP COLUMN from Local,
column_missing,local_only,column,tb_karyawan,created_at,datetime DEFAULT current_timestamp(),,ADD COLUMN to Yoga,DROP COLUMN from Local,
column_missing,local_only,column,tb_karyawan,departemen_id,int(11) DEFAULT NULL,,ADD COLUMN to Yoga,DROP COLUMN from Local,
column_missing,local_only,column,tb_karyawan,foto,varchar(255) DEFAULT NULL,,ADD COLUMN to Yoga,DROP COLUMN from Local,
column_missing,local_only,column,tb_karyawan,jobdesk_id,int(11) DEFAULT NULL,,ADD COLUMN to Yoga,DROP COLUMN from Local,
column_missing,local_only,column,tb_karyawan,last_login,datetime DEFAULT NULL,,ADD COLUMN to Yoga,DROP COLUMN from Local,
column_missing,local_only,column,tb_karyawan,status,tinyint(1) NOT NULL DEFAULT 1,,ADD COLUMN to Yoga,DROP COLUMN from Local,
column_missing,local_only,column,tb_karyawan,status_karyawan,"enum('AKTIF','NONAKTIF') DEFAULT 'AKTIF'",,ADD COLUMN to Yoga,DROP COLUMN from Local,
column_missing,local_only,column,tb_karyawan,tim_id,int(11) DEFAULT NULL,,ADD COLUMN to Yoga,DROP COLUMN from Local,
column_missing,local_only,column,tb_karyawan,updated_at,datetime DEFAULT current_timestamp() ON UPDATE current_timestamp(),,ADD COLUMN to Yoga,DROP COLUMN from Local,
column_missing,local_only,column,tb_karyawan,wilayah_id,varchar(225) DEFAULT NULL,,ADD COLUMN to Yoga,DROP COLUMN from Local,
column_missing,yoga_only,column,tb_karyawan,faktur_prefix,,varchar(4) DEFAULT NULL,DROP COLUMN from Yoga,ADD COLUMN to Local,
table_option_diff,different,table_option,tb_karyawan,,ENGINE=InnoDB DEFAULT CHARSET=utf8mb4 COLLATE=utf8mb4_unicode_ci,ENGINE=InnoDB DEFAULT CHARSET=utf8mb4,ALTER TABLE option/collation in Yoga to match local_bram,ALTER TABLE option/collation in Local to match Yoga,Umumnya beda COLLATE eksplisit vs default dump
table_option_diff,different,table_option,tb_karyawan_keluarmasuk,,ENGINE=InnoDB DEFAULT CHARSET=utf8mb4 COLLATE=utf8mb4_general_ci,ENGINE=InnoDB DEFAULT CHARSET=utf8mb4,ALTER TABLE option/collation in Yoga to match local_bram,ALTER TABLE option/collation in Local to match Yoga,Umumnya beda COLLATE eksplisit vs default dump
table_option_diff,different,table_option,tb_kd_system_stock,,ENGINE=InnoDB DEFAULT CHARSET=utf8mb4 COLLATE=utf8mb4_general_ci,ENGINE=InnoDB DEFAULT CHARSET=utf8mb4,ALTER TABLE option/collation in Yoga to match local_bram,ALTER TABLE option/collation in Local to match Yoga,Umumnya beda COLLATE eksplisit vs default dump
table_option_diff,different,table_option,tb_kpi,,ENGINE=InnoDB DEFAULT CHARSET=utf8mb4 COLLATE=utf8mb4_general_ci,ENGINE=InnoDB DEFAULT CHARSET=utf8mb4,ALTER TABLE option/collation in Yoga to match local_bram,ALTER TABLE option/collation in Local to match Yoga,Umumnya beda COLLATE eksplisit vs default dump
table_option_diff,different,table_option,tb_kpi_history,,ENGINE=InnoDB DEFAULT CHARSET=utf8mb4 COLLATE=utf8mb4_general_ci,ENGINE=InnoDB DEFAULT CHARSET=utf8mb4,ALTER TABLE option/collation in Yoga to match local_bram,ALTER TABLE option/collation in Local to match Yoga,Umumnya beda COLLATE eksplisit vs default dump
table_option_diff,different,table_option,tb_kpi_history_backup_all_user_apr_mei_2026,,ENGINE=InnoDB DEFAULT CHARSET=utf8mb4 COLLATE=utf8mb4_general_ci,ENGINE=InnoDB DEFAULT CHARSET=utf8mb4,ALTER TABLE option/collation in Yoga to match local_bram,ALTER TABLE option/collation in Local to match Yoga,Umumnya beda COLLATE eksplisit vs default dump
table_option_diff,different,table_option,tb_kpi_history_bck,,ENGINE=InnoDB DEFAULT CHARSET=utf8mb4 COLLATE=utf8mb4_general_ci,ENGINE=InnoDB DEFAULT CHARSET=utf8mb4,ALTER TABLE option/collation in Yoga to match local_bram,ALTER TABLE option/collation in Local to match Yoga,Umumnya beda COLLATE eksplisit vs default dump
table_option_diff,different,table_option,tb_kpi_lock_settings,,ENGINE=InnoDB DEFAULT CHARSET=utf8mb4 COLLATE=utf8mb4_general_ci,ENGINE=InnoDB DEFAULT CHARSET=utf8mb4,ALTER TABLE option/collation in Yoga to match local_bram,ALTER TABLE option/collation in Local to match Yoga,Umumnya beda COLLATE eksplisit vs default dump
table_option_diff,different,table_option,tb_kpi_reset_log,,ENGINE=InnoDB DEFAULT CHARSET=utf8mb4 COLLATE=utf8mb4_general_ci COMMENT='Log riwayat reset KPI oleh Admin HRD',ENGINE=InnoDB DEFAULT CHARSET=utf8mb4 COMMENT='Log riwayat reset KPI oleh Admin HRD',ALTER TABLE option/collation in Yoga to match local_bram,ALTER TABLE option/collation in Local to match Yoga,Umumnya beda COLLATE eksplisit vs default dump
table_option_diff,different,table_option,tb_kpi_verified,,ENGINE=InnoDB DEFAULT CHARSET=utf8mb4 COLLATE=utf8mb4_general_ci,ENGINE=InnoDB DEFAULT CHARSET=utf8mb4,ALTER TABLE option/collation in Yoga to match local_bram,ALTER TABLE option/collation in Local to match Yoga,Umumnya beda COLLATE eksplisit vs default dump
table_option_diff,different,table_option,tb_lap_distribusi,,ENGINE=InnoDB DEFAULT CHARSET=utf8mb4 COLLATE=utf8mb4_general_ci,ENGINE=InnoDB DEFAULT CHARSET=utf8mb4,ALTER TABLE option/collation in Yoga to match local_bram,ALTER TABLE option/collation in Local to match Yoga,Umumnya beda COLLATE eksplisit vs default dump
table_option_diff,different,table_option,tb_loading_kk,,ENGINE=InnoDB DEFAULT CHARSET=utf8mb4 COLLATE=utf8mb4_general_ci COMMENT='Data loading jalur KK',ENGINE=InnoDB DEFAULT CHARSET=utf8mb4 COMMENT='Data loading jalur KK',ALTER TABLE option/collation in Yoga to match local_bram,ALTER TABLE option/collation in Local to match Yoga,Umumnya beda COLLATE eksplisit vs default dump
table_option_diff,different,table_option,tb_loading_kk_bck,,ENGINE=InnoDB DEFAULT CHARSET=utf8mb4 COLLATE=utf8mb4_general_ci COMMENT='Data loading jalur KK',ENGINE=InnoDB DEFAULT CHARSET=utf8mb4 COMMENT='Data loading jalur KK',ALTER TABLE option/collation in Yoga to match local_bram,ALTER TABLE option/collation in Local to match Yoga,Umumnya beda COLLATE eksplisit vs default dump
table_option_diff,different,table_option,tb_loading_lk,,ENGINE=InnoDB DEFAULT CHARSET=utf8mb4 COLLATE=utf8mb4_general_ci COMMENT='Data loading jalur LK',ENGINE=InnoDB DEFAULT CHARSET=utf8mb4 COMMENT='Data loading jalur LK',ALTER TABLE option/collation in Yoga to match local_bram,ALTER TABLE option/collation in Local to match Yoga,Umumnya beda COLLATE eksplisit vs default dump
table_option_diff,different,table_option,tb_loading_lk_bck,,ENGINE=InnoDB DEFAULT CHARSET=utf8mb4 COLLATE=utf8mb4_general_ci COMMENT='Data loading jalur LK',ENGINE=InnoDB DEFAULT CHARSET=utf8mb4 COMMENT='Data loading jalur LK',ALTER TABLE option/collation in Yoga to match local_bram,ALTER TABLE option/collation in Local to match Yoga,Umumnya beda COLLATE eksplisit vs default dump
table_option_diff,different,table_option,tb_log_confirm_sales,,ENGINE=InnoDB DEFAULT CHARSET=utf8mb4 COLLATE=utf8mb4_general_ci,ENGINE=InnoDB DEFAULT CHARSET=utf8mb4,ALTER TABLE option/collation in Yoga to match local_bram,ALTER TABLE option/collation in Local to match Yoga,Umumnya beda COLLATE eksplisit vs default dump
table_option_diff,different,table_option,tb_log_do,,ENGINE=InnoDB DEFAULT CHARSET=utf8mb4 COLLATE=utf8mb4_general_ci,ENGINE=InnoDB DEFAULT CHARSET=utf8mb4,ALTER TABLE option/collation in Yoga to match local_bram,ALTER TABLE option/collation in Local to match Yoga,Umumnya beda COLLATE eksplisit vs default dump
table_option_diff,different,table_option,tb_log_ics,,ENGINE=InnoDB DEFAULT CHARSET=utf8mb4 COLLATE=utf8mb4_general_ci,ENGINE=InnoDB DEFAULT CHARSET=utf8mb4,ALTER TABLE option/collation in Yoga to match local_bram,ALTER TABLE option/collation in Local to match Yoga,Umumnya beda COLLATE eksplisit vs default dump
table_option_diff,different,table_option,tb_log_mutasi,,ENGINE=InnoDB DEFAULT CHARSET=utf8mb4 COLLATE=utf8mb4_general_ci,ENGINE=InnoDB DEFAULT CHARSET=utf8mb4,ALTER TABLE option/collation in Yoga to match local_bram,ALTER TABLE option/collation in Local to match Yoga,Umumnya beda COLLATE eksplisit vs default dump
table_option_diff,different,table_option,tb_login_log,,ENGINE=InnoDB DEFAULT CHARSET=utf8mb4 COLLATE=utf8mb4_general_ci,ENGINE=InnoDB DEFAULT CHARSET=utf8mb4,ALTER TABLE option/collation in Yoga to match local_bram,ALTER TABLE option/collation in Local to match Yoga,Umumnya beda COLLATE eksplisit vs default dump
column_missing,local_only,column,tb_lpb,checker_at,datetime DEFAULT NULL,,ADD COLUMN to Yoga,DROP COLUMN from Local,
column_missing,local_only,column,tb_lpb,checker_by,varchar(50) DEFAULT NULL,,ADD COLUMN to Yoga,DROP COLUMN from Local,
column_missing,local_only,column,tb_lpb,checker_name,varchar(100) DEFAULT NULL,,ADD COLUMN to Yoga,DROP COLUMN from Local,
column_missing,local_only,column,tb_lpb,jenis_lpb,varchar(80) DEFAULT NULL,,ADD COLUMN to Yoga,DROP COLUMN from Local,
column_missing,local_only,column,tb_lpb,kode_faktur_pajak,varchar(100) DEFAULT NULL,,ADD COLUMN to Yoga,DROP COLUMN from Local,
column_missing,local_only,column,tb_lpb,nomor_lpb,varchar(30) DEFAULT NULL,,ADD COLUMN to Yoga,DROP COLUMN from Local,
column_missing,local_only,column,tb_lpb,status_lpb,tinyint(1) NOT NULL DEFAULT 1,,ADD COLUMN to Yoga,DROP COLUMN from Local,
column_missing,local_only,column,tb_lpb,tanggal_faktur_pajak,date DEFAULT NULL,,ADD COLUMN to Yoga,DROP COLUMN from Local,
column_missing,local_only,column,tb_lpb,tanggal_invoice,date DEFAULT NULL,,ADD COLUMN to Yoga,DROP COLUMN from Local,
table_option_diff,different,table_option,tb_lpb,,ENGINE=InnoDB DEFAULT CHARSET=utf8mb4 COLLATE=utf8mb4_general_ci,ENGINE=InnoDB DEFAULT CHARSET=utf8mb4,ALTER TABLE option/collation in Yoga to match local_bram,ALTER TABLE option/collation in Local to match Yoga,Umumnya beda COLLATE eksplisit vs default dump
table_option_diff,different,table_option,tb_lpb_batch,,ENGINE=InnoDB DEFAULT CHARSET=utf8mb4 COLLATE=utf8mb4_general_ci,ENGINE=InnoDB DEFAULT CHARSET=utf8mb4,ALTER TABLE option/collation in Yoga to match local_bram,ALTER TABLE option/collation in Local to match Yoga,Umumnya beda COLLATE eksplisit vs default dump
column_missing,local_only,column,tb_lpb_detail,harga_satuan,"decimal(18,4) NOT NULL DEFAULT 0.0000",,ADD COLUMN to Yoga,DROP COLUMN from Local,
column_missing,local_only,column,tb_lpb_detail,harga_satuan_sebelumnya,"decimal(18,4) NOT NULL DEFAULT 0.0000",,ADD COLUMN to Yoga,DROP COLUMN from Local,
column_missing,local_only,column,tb_lpb_detail,harga_update_at,datetime DEFAULT NULL,,ADD COLUMN to Yoga,DROP COLUMN from Local,
column_missing,local_only,column,tb_lpb_detail,harga_update_by,varchar(100) DEFAULT NULL,,ADD COLUMN to Yoga,DROP COLUMN from Local,
column_missing,local_only,column,tb_lpb_detail,harga_verified_at,datetime DEFAULT NULL,,ADD COLUMN to Yoga,DROP COLUMN from Local,
column_missing,local_only,column,tb_lpb_detail,harga_verified_by,varchar(100) DEFAULT NULL,,ADD COLUMN to Yoga,DROP COLUMN from Local,
column_missing,local_only,column,tb_lpb_detail,total_harga,"decimal(18,4) NOT NULL DEFAULT 0.0000",,ADD COLUMN to Yoga,DROP COLUMN from Local,
column_missing,local_only,column,tb_lpb_detail,total_harga_sebelumnya,"decimal(18,4) NOT NULL DEFAULT 0.0000",,ADD COLUMN to Yoga,DROP COLUMN from Local,
table_option_diff,different,table_option,tb_lpb_detail,,ENGINE=InnoDB DEFAULT CHARSET=utf8mb4 COLLATE=utf8mb4_general_ci,ENGINE=InnoDB DEFAULT CHARSET=utf8mb4,ALTER TABLE option/collation in Yoga to match local_bram,ALTER TABLE option/collation in Local to match Yoga,Umumnya beda COLLATE eksplisit vs default dump
index_missing,local_only,index,tb_lpb_detail,"ADD KEY idx_lpb_detail_lpb_barang (id_lpb,kd_barang)","ADD KEY idx_lpb_detail_lpb_barang (id_lpb,kd_barang)",,ADD INDEX/KEY to Yoga,DROP INDEX/KEY from Local,
column_missing,local_only,column,tb_lpb_log,checker_by,varchar(50) DEFAULT NULL,,ADD COLUMN to Yoga,DROP COLUMN from Local,
column_missing,local_only,column,tb_lpb_log,checker_name,varchar(100) DEFAULT NULL,,ADD COLUMN to Yoga,DROP COLUMN from Local,
column_missing,local_only,column,tb_lpb_log,data_after,text DEFAULT NULL,,ADD COLUMN to Yoga,DROP COLUMN from Local,
column_missing,local_only,column,tb_lpb_log,data_before,text DEFAULT NULL,,ADD COLUMN to Yoga,DROP COLUMN from Local,
column_missing,local_only,column,tb_lpb_log,id_lpb,int(11) DEFAULT NULL,,ADD COLUMN to Yoga,DROP COLUMN from Local,
column_missing,local_only,column,tb_lpb_log,status_after,varchar(20) DEFAULT NULL,,ADD COLUMN to Yoga,DROP COLUMN from Local,
column_missing,local_only,column,tb_lpb_log,status_before,varchar(20) DEFAULT NULL,,ADD COLUMN to Yoga,DROP COLUMN from Local,
column_definition_diff,different,column,tb_lpb_log,action_type,varchar(50) NOT NULL,"enum('CREATE_INVOICE','UPDATE_INVOICE') NOT NULL",MODIFY COLUMN in Yoga to local_bram definition,MODIFY COLUMN in Local to Yoga definition,Perbedaan tipe/default/null/enum/length yang berdampak schema
table_option_diff,different,table_option,tb_lpb_log,,ENGINE=InnoDB DEFAULT CHARSET=utf8mb4 COLLATE=utf8mb4_general_ci,ENGINE=InnoDB DEFAULT CHARSET=utf8mb4,ALTER TABLE option/collation in Yoga to match local_bram,ALTER TABLE option/collation in Local to match Yoga,Umumnya beda COLLATE eksplisit vs default dump
table_option_diff,different,table_option,tb_master_barang,,ENGINE=InnoDB DEFAULT CHARSET=utf8mb4 COLLATE=utf8mb4_general_ci,ENGINE=InnoDB DEFAULT CHARSET=utf8mb4,ALTER TABLE option/collation in Yoga to match local_bram,ALTER TABLE option/collation in Local to match Yoga,Umumnya beda COLLATE eksplisit vs default dump
table_option_diff,different,table_option,tb_master_barang_all,,ENGINE=InnoDB DEFAULT CHARSET=utf8mb4 COLLATE=utf8mb4_general_ci,ENGINE=InnoDB DEFAULT CHARSET=utf8mb4,ALTER TABLE option/collation in Yoga to match local_bram,ALTER TABLE option/collation in Local to match Yoga,Umumnya beda COLLATE eksplisit vs default dump
table_option_diff,different,table_option,tb_mbarang,,ENGINE=InnoDB DEFAULT CHARSET=utf8mb4 COLLATE=utf8mb4_general_ci,ENGINE=InnoDB DEFAULT CHARSET=utf8mb4,ALTER TABLE option/collation in Yoga to match local_bram,ALTER TABLE option/collation in Local to match Yoga,Umumnya beda COLLATE eksplisit vs default dump
table_option_diff,different,table_option,tb_menu,,ENGINE=InnoDB DEFAULT CHARSET=utf8mb4 COLLATE=utf8mb4_general_ci,ENGINE=InnoDB DEFAULT CHARSET=utf8mb4,ALTER TABLE option/collation in Yoga to match local_bram,ALTER TABLE option/collation in Local to match Yoga,Umumnya beda COLLATE eksplisit vs default dump
table_option_diff,different,table_option,tb_mutasi,,ENGINE=InnoDB DEFAULT CHARSET=utf8mb4 COLLATE=utf8mb4_general_ci,ENGINE=InnoDB DEFAULT CHARSET=utf8mb4,ALTER TABLE option/collation in Yoga to match local_bram,ALTER TABLE option/collation in Local to match Yoga,Umumnya beda COLLATE eksplisit vs default dump
table_option_diff,different,table_option,tb_notifikasi,,ENGINE=InnoDB DEFAULT CHARSET=utf8mb4 COLLATE=utf8mb4_general_ci,ENGINE=InnoDB DEFAULT CHARSET=utf8mb4,ALTER TABLE option/collation in Yoga to match local_bram,ALTER TABLE option/collation in Local to match Yoga,Umumnya beda COLLATE eksplisit vs default dump
table_option_diff,different,table_option,tb_op_driver,,ENGINE=InnoDB DEFAULT CHARSET=utf8mb4 COLLATE=utf8mb4_general_ci,ENGINE=InnoDB DEFAULT CHARSET=utf8mb4,ALTER TABLE option/collation in Yoga to match local_bram,ALTER TABLE option/collation in Local to match Yoga,Umumnya beda COLLATE eksplisit vs default dump
table_option_diff,different,table_option,tb_op_helper,,ENGINE=InnoDB DEFAULT CHARSET=utf8mb4 COLLATE=utf8mb4_general_ci,ENGINE=InnoDB DEFAULT CHARSET=utf8mb4,ALTER TABLE option/collation in Yoga to match local_bram,ALTER TABLE option/collation in Local to match Yoga,Umumnya beda COLLATE eksplisit vs default dump
table_option_diff,different,table_option,tb_op_plat,,ENGINE=InnoDB DEFAULT CHARSET=utf8mb4 COLLATE=utf8mb4_general_ci,ENGINE=InnoDB DEFAULT CHARSET=utf8mb4,ALTER TABLE option/collation in Yoga to match local_bram,ALTER TABLE option/collation in Local to match Yoga,Umumnya beda COLLATE eksplisit vs default dump
table_option_diff,different,table_option,tb_order_tracking_driver,,ENGINE=InnoDB DEFAULT CHARSET=utf8mb4 COLLATE=utf8mb4_general_ci,ENGINE=InnoDB DEFAULT CHARSET=utf8mb4,ALTER TABLE option/collation in Yoga to match local_bram,ALTER TABLE option/collation in Local to match Yoga,Umumnya beda COLLATE eksplisit vs default dump
table_option_diff,different,table_option,tb_pemenang,,ENGINE=InnoDB DEFAULT CHARSET=utf8mb4 COLLATE=utf8mb4_general_ci,ENGINE=InnoDB DEFAULT CHARSET=utf8mb4,ALTER TABLE option/collation in Yoga to match local_bram,ALTER TABLE option/collation in Local to match Yoga,Umumnya beda COLLATE eksplisit vs default dump
table_option_diff,different,table_option,tb_penilaian_karakter_assignment,,ENGINE=InnoDB DEFAULT CHARSET=utf8mb4 COLLATE=utf8mb4_general_ci,ENGINE=InnoDB DEFAULT CHARSET=utf8mb4,ALTER TABLE option/collation in Yoga to match local_bram,ALTER TABLE option/collation in Local to match Yoga,Umumnya beda COLLATE eksplisit vs default dump
table_option_diff,different,table_option,tb_penilaian_karakter_response,,ENGINE=InnoDB DEFAULT CHARSET=utf8mb4 COLLATE=utf8mb4_general_ci,ENGINE=InnoDB DEFAULT CHARSET=utf8mb4,ALTER TABLE option/collation in Yoga to match local_bram,ALTER TABLE option/collation in Local to match Yoga,Umumnya beda COLLATE eksplisit vs default dump
table_option_diff,different,table_option,tb_pnd_do,,ENGINE=InnoDB DEFAULT CHARSET=utf8mb4 COLLATE=utf8mb4_general_ci,ENGINE=InnoDB DEFAULT CHARSET=utf8mb4,ALTER TABLE option/collation in Yoga to match local_bram,ALTER TABLE option/collation in Local to match Yoga,Umumnya beda COLLATE eksplisit vs default dump
table_option_diff,different,table_option,tb_po_pending,,ENGINE=InnoDB DEFAULT CHARSET=utf8mb4 COLLATE=utf8mb4_general_ci,ENGINE=InnoDB DEFAULT CHARSET=utf8mb4,ALTER TABLE option/collation in Yoga to match local_bram,ALTER TABLE option/collation in Local to match Yoga,Umumnya beda COLLATE eksplisit vs default dump
table_option_diff,different,table_option,tb_po_received,,ENGINE=InnoDB DEFAULT CHARSET=utf8mb4 COLLATE=utf8mb4_general_ci,ENGINE=InnoDB DEFAULT CHARSET=utf8mb4,ALTER TABLE option/collation in Yoga to match local_bram,ALTER TABLE option/collation in Local to match Yoga,Umumnya beda COLLATE eksplisit vs default dump
table_option_diff,different,table_option,tb_pre_do,,ENGINE=InnoDB DEFAULT CHARSET=utf8mb4 COLLATE=utf8mb4_general_ci,ENGINE=InnoDB DEFAULT CHARSET=utf8mb4,ALTER TABLE option/collation in Yoga to match local_bram,ALTER TABLE option/collation in Local to match Yoga,Umumnya beda COLLATE eksplisit vs default dump
table_option_diff,different,table_option,tb_pre_po,,ENGINE=InnoDB DEFAULT CHARSET=utf8mb4 COLLATE=utf8mb4_general_ci,ENGINE=InnoDB DEFAULT CHARSET=utf8mb4,ALTER TABLE option/collation in Yoga to match local_bram,ALTER TABLE option/collation in Local to match Yoga,Umumnya beda COLLATE eksplisit vs default dump
table_option_diff,different,table_option,tb_pre_po_adjustment_log,,ENGINE=InnoDB DEFAULT CHARSET=utf8mb4 COLLATE=utf8mb4_general_ci,ENGINE=InnoDB DEFAULT CHARSET=utf8mb4,ALTER TABLE option/collation in Yoga to match local_bram,ALTER TABLE option/collation in Local to match Yoga,Umumnya beda COLLATE eksplisit vs default dump
table_option_diff,different,table_option,tb_pre_po_diskon_history,,ENGINE=InnoDB DEFAULT CHARSET=utf8mb4 COLLATE=utf8mb4_general_ci,ENGINE=InnoDB DEFAULT CHARSET=utf8mb4,ALTER TABLE option/collation in Yoga to match local_bram,ALTER TABLE option/collation in Local to match Yoga,Umumnya beda COLLATE eksplisit vs default dump
table_option_diff,different,table_option,tb_pre_po_invoice_adjustment,,ENGINE=InnoDB DEFAULT CHARSET=utf8mb4 COLLATE=utf8mb4_general_ci,ENGINE=InnoDB DEFAULT CHARSET=utf8mb4,ALTER TABLE option/collation in Yoga to match local_bram,ALTER TABLE option/collation in Local to match Yoga,Umumnya beda COLLATE eksplisit vs default dump
table_option_diff,different,table_option,tb_qty_lot,,ENGINE=InnoDB DEFAULT CHARSET=utf8mb4 COLLATE=utf8mb4_general_ci,ENGINE=InnoDB DEFAULT CHARSET=utf8mb4,ALTER TABLE option/collation in Yoga to match local_bram,ALTER TABLE option/collation in Local to match Yoga,Umumnya beda COLLATE eksplisit vs default dump
table_option_diff,different,table_option,tb_req_opname,,ENGINE=InnoDB DEFAULT CHARSET=utf8mb4 COLLATE=utf8mb4_general_ci,ENGINE=InnoDB DEFAULT CHARSET=utf8mb4,ALTER TABLE option/collation in Yoga to match local_bram,ALTER TABLE option/collation in Local to match Yoga,Umumnya beda COLLATE eksplisit vs default dump
table_option_diff,different,table_option,tb_retur_barang,,ENGINE=InnoDB DEFAULT CHARSET=utf8mb4 COLLATE=utf8mb4_general_ci,ENGINE=InnoDB DEFAULT CHARSET=utf8mb4,ALTER TABLE option/collation in Yoga to match local_bram,ALTER TABLE option/collation in Local to match Yoga,Umumnya beda COLLATE eksplisit vs default dump
table_option_diff,different,table_option,tb_rutecs,,ENGINE=InnoDB DEFAULT CHARSET=utf8mb4 COLLATE=utf8mb4_general_ci,ENGINE=InnoDB DEFAULT CHARSET=utf8mb4,ALTER TABLE option/collation in Yoga to match local_bram,ALTER TABLE option/collation in Local to match Yoga,Umumnya beda COLLATE eksplisit vs default dump
table_option_diff,different,table_option,tb_saldo_awal,,ENGINE=InnoDB DEFAULT CHARSET=utf8mb4 COLLATE=utf8mb4_general_ci,ENGINE=InnoDB DEFAULT CHARSET=utf8mb4,ALTER TABLE option/collation in Yoga to match local_bram,ALTER TABLE option/collation in Local to match Yoga,Umumnya beda COLLATE eksplisit vs default dump
table_option_diff,different,table_option,tb_satuan,,ENGINE=InnoDB DEFAULT CHARSET=utf8mb4 COLLATE=utf8mb4_general_ci,ENGINE=InnoDB DEFAULT CHARSET=utf8mb4,ALTER TABLE option/collation in Yoga to match local_bram,ALTER TABLE option/collation in Local to match Yoga,Umumnya beda COLLATE eksplisit vs default dump
table_option_diff,different,table_option,tb_schedule_dirut,,ENGINE=InnoDB DEFAULT CHARSET=utf8mb4 COLLATE=utf8mb4_general_ci,ENGINE=InnoDB DEFAULT CHARSET=utf8mb4,ALTER TABLE option/collation in Yoga to match local_bram,ALTER TABLE option/collation in Local to match Yoga,Umumnya beda COLLATE eksplisit vs default dump
table_option_diff,different,table_option,tb_service_truk,,ENGINE=InnoDB DEFAULT CHARSET=utf8mb4 COLLATE=utf8mb4_general_ci,ENGINE=InnoDB DEFAULT CHARSET=utf8mb4,ALTER TABLE option/collation in Yoga to match local_bram,ALTER TABLE option/collation in Local to match Yoga,Umumnya beda COLLATE eksplisit vs default dump
table_option_diff,different,table_option,tb_set_tax,,ENGINE=InnoDB DEFAULT CHARSET=utf8mb4 COLLATE=utf8mb4_general_ci,ENGINE=InnoDB DEFAULT CHARSET=utf8mb4,ALTER TABLE option/collation in Yoga to match local_bram,ALTER TABLE option/collation in Local to match Yoga,Umumnya beda COLLATE eksplisit vs default dump
table_option_diff,different,table_option,tb_sop,,ENGINE=InnoDB DEFAULT CHARSET=utf8mb4 COLLATE=utf8mb4_general_ci,ENGINE=InnoDB DEFAULT CHARSET=utf8mb4,ALTER TABLE option/collation in Yoga to match local_bram,ALTER TABLE option/collation in Local to match Yoga,Umumnya beda COLLATE eksplisit vs default dump
table_option_diff,different,table_option,tb_ss,,ENGINE=InnoDB DEFAULT CHARSET=utf8mb4 COLLATE=utf8mb4_general_ci,ENGINE=InnoDB DEFAULT CHARSET=utf8mb4,ALTER TABLE option/collation in Yoga to match local_bram,ALTER TABLE option/collation in Local to match Yoga,Umumnya beda COLLATE eksplisit vs default dump
table_option_diff,different,table_option,tb_ss_history,,ENGINE=InnoDB DEFAULT CHARSET=utf8mb4 COLLATE=utf8mb4_general_ci,ENGINE=InnoDB DEFAULT CHARSET=utf8mb4,ALTER TABLE option/collation in Yoga to match local_bram,ALTER TABLE option/collation in Local to match Yoga,Umumnya beda COLLATE eksplisit vs default dump
table_option_diff,different,table_option,tb_sspoin,,ENGINE=InnoDB DEFAULT CHARSET=utf8mb4 COLLATE=utf8mb4_general_ci,ENGINE=InnoDB DEFAULT CHARSET=utf8mb4,ALTER TABLE option/collation in Yoga to match local_bram,ALTER TABLE option/collation in Local to match Yoga,Umumnya beda COLLATE eksplisit vs default dump
column_missing,local_only,column,tb_stock_hold,no_lot,varchar(100) DEFAULT NULL,,ADD COLUMN to Yoga,DROP COLUMN from Local,
table_option_diff,different,table_option,tb_stock_hold,,ENGINE=InnoDB DEFAULT CHARSET=utf8mb4 COLLATE=utf8mb4_general_ci,ENGINE=InnoDB DEFAULT CHARSET=utf8mb4,ALTER TABLE option/collation in Yoga to match local_bram,ALTER TABLE option/collation in Local to match Yoga,Umumnya beda COLLATE eksplisit vs default dump
table_option_diff,different,table_option,tb_stock_status,,ENGINE=InnoDB DEFAULT CHARSET=utf8mb4 COLLATE=utf8mb4_general_ci,ENGINE=InnoDB DEFAULT CHARSET=utf8mb4,ALTER TABLE option/collation in Yoga to match local_bram,ALTER TABLE option/collation in Local to match Yoga,Umumnya beda COLLATE eksplisit vs default dump
table_option_diff,different,table_option,tb_suplier,,ENGINE=InnoDB DEFAULT CHARSET=utf8mb4 COLLATE=utf8mb4_general_ci,ENGINE=InnoDB DEFAULT CHARSET=utf8mb4,ALTER TABLE option/collation in Yoga to match local_bram,ALTER TABLE option/collation in Local to match Yoga,Umumnya beda COLLATE eksplisit vs default dump
table_option_diff,different,table_option,tb_surat_peringatan,,ENGINE=InnoDB DEFAULT CHARSET=utf8mb4 COLLATE=utf8mb4_general_ci,ENGINE=InnoDB DEFAULT CHARSET=utf8mb4,ALTER TABLE option/collation in Yoga to match local_bram,ALTER TABLE option/collation in Local to match Yoga,Umumnya beda COLLATE eksplisit vs default dump
table_option_diff,different,table_option,tb_tamu,,ENGINE=InnoDB DEFAULT CHARSET=utf8mb4 COLLATE=utf8mb4_general_ci,ENGINE=InnoDB DEFAULT CHARSET=utf8mb4,ALTER TABLE option/collation in Yoga to match local_bram,ALTER TABLE option/collation in Local to match Yoga,Umumnya beda COLLATE eksplisit vs default dump
table_option_diff,different,table_option,tb_tamu_lby,,ENGINE=InnoDB DEFAULT CHARSET=utf8mb4 COLLATE=utf8mb4_general_ci,ENGINE=InnoDB DEFAULT CHARSET=utf8mb4,ALTER TABLE option/collation in Yoga to match local_bram,ALTER TABLE option/collation in Local to match Yoga,Umumnya beda COLLATE eksplisit vs default dump
table_option_diff,different,table_option,tb_terima_paket,,ENGINE=InnoDB DEFAULT CHARSET=utf8mb4 COLLATE=utf8mb4_general_ci,ENGINE=InnoDB DEFAULT CHARSET=utf8mb4,ALTER TABLE option/collation in Yoga to match local_bram,ALTER TABLE option/collation in Local to match Yoga,Umumnya beda COLLATE eksplisit vs default dump
table_option_diff,different,table_option,tb_tim,,ENGINE=InnoDB DEFAULT CHARSET=utf8mb4 COLLATE=utf8mb4_general_ci,ENGINE=InnoDB DEFAULT CHARSET=utf8mb4,ALTER TABLE option/collation in Yoga to match local_bram,ALTER TABLE option/collation in Local to match Yoga,Umumnya beda COLLATE eksplisit vs default dump
table_option_diff,different,table_option,tb_tmp_detaildo,,ENGINE=InnoDB DEFAULT CHARSET=utf8mb4 COLLATE=utf8mb4_general_ci,ENGINE=InnoDB DEFAULT CHARSET=utf8mb4,ALTER TABLE option/collation in Yoga to match local_bram,ALTER TABLE option/collation in Local to match Yoga,Umumnya beda COLLATE eksplisit vs default dump
table_option_diff,different,table_option,tb_tmp_do,,ENGINE=InnoDB DEFAULT CHARSET=utf8mb4 COLLATE=utf8mb4_general_ci,ENGINE=InnoDB DEFAULT CHARSET=utf8mb4,ALTER TABLE option/collation in Yoga to match local_bram,ALTER TABLE option/collation in Local to match Yoga,Umumnya beda COLLATE eksplisit vs default dump
table_option_diff,different,table_option,tb_tmp_lap_distribusi,,ENGINE=InnoDB DEFAULT CHARSET=utf8mb4 COLLATE=utf8mb4_general_ci,ENGINE=InnoDB DEFAULT CHARSET=utf8mb4,ALTER TABLE option/collation in Yoga to match local_bram,ALTER TABLE option/collation in Local to match Yoga,Umumnya beda COLLATE eksplisit vs default dump
column_missing,local_only,column,tb_tmp_mutasi,gudang_asal,int(11) DEFAULT NULL,,ADD COLUMN to Yoga,DROP COLUMN from Local,
column_missing,local_only,column,tb_tmp_mutasi,kode_barang,varchar(50) DEFAULT NULL,,ADD COLUMN to Yoga,DROP COLUMN from Local,
column_missing,local_only,column,tb_tmp_mutasi,kode_barang_system,varchar(50) DEFAULT NULL,,ADD COLUMN to Yoga,DROP COLUMN from Local,
column_missing,local_only,column,tb_tmp_mutasi,no_lot,varchar(100) DEFAULT NULL,,ADD COLUMN to Yoga,DROP COLUMN from Local,
table_option_diff,different,table_option,tb_tmp_mutasi,,ENGINE=InnoDB DEFAULT CHARSET=utf8mb4 COLLATE=utf8mb4_general_ci,ENGINE=InnoDB DEFAULT CHARSET=utf8mb4,ALTER TABLE option/collation in Yoga to match local_bram,ALTER TABLE option/collation in Local to match Yoga,Umumnya beda COLLATE eksplisit vs default dump
column_missing,local_only,column,tb_tmp_po_received,harga_satuan,"decimal(18,4) NOT NULL DEFAULT 0.0000",,ADD COLUMN to Yoga,DROP COLUMN from Local,
column_missing,local_only,column,tb_tmp_po_received,harga_satuan_kecil,"decimal(18,4) NOT NULL DEFAULT 0.0000",,ADD COLUMN to Yoga,DROP COLUMN from Local,
column_missing,local_only,column,tb_tmp_po_received,total_harga,"decimal(18,4) NOT NULL DEFAULT 0.0000",,ADD COLUMN to Yoga,DROP COLUMN from Local,
table_option_diff,different,table_option,tb_tmp_po_received,,ENGINE=InnoDB DEFAULT CHARSET=utf8mb4 COLLATE=utf8mb4_general_ci,ENGINE=InnoDB DEFAULT CHARSET=utf8mb4,ALTER TABLE option/collation in Yoga to match local_bram,ALTER TABLE option/collation in Local to match Yoga,Umumnya beda COLLATE eksplisit vs default dump
table_option_diff,different,table_option,tb_truck,,ENGINE=InnoDB DEFAULT CHARSET=utf8mb4 COLLATE=utf8mb4_general_ci,ENGINE=InnoDB DEFAULT CHARSET=utf8mb4,ALTER TABLE option/collation in Yoga to match local_bram,ALTER TABLE option/collation in Local to match Yoga,Umumnya beda COLLATE eksplisit vs default dump
table_option_diff,different,table_option,tb_truk,,ENGINE=InnoDB DEFAULT CHARSET=utf8mb4 COLLATE=utf8mb4_general_ci,ENGINE=InnoDB DEFAULT CHARSET=utf8mb4,ALTER TABLE option/collation in Yoga to match local_bram,ALTER TABLE option/collation in Local to match Yoga,Umumnya beda COLLATE eksplisit vs default dump
table_option_diff,different,table_option,tb_user,,ENGINE=InnoDB DEFAULT CHARSET=utf8mb4 COLLATE=utf8mb4_general_ci,ENGINE=InnoDB DEFAULT CHARSET=utf8mb4,ALTER TABLE option/collation in Yoga to match local_bram,ALTER TABLE option/collation in Local to match Yoga,Umumnya beda COLLATE eksplisit vs default dump
table_option_diff,different,table_option,tb_user_level_mapping,,ENGINE=InnoDB DEFAULT CHARSET=utf8mb4 COLLATE=utf8mb4_general_ci,ENGINE=InnoDB DEFAULT CHARSET=utf8mb4,ALTER TABLE option/collation in Yoga to match local_bram,ALTER TABLE option/collation in Local to match Yoga,Umumnya beda COLLATE eksplisit vs default dump
table_option_diff,different,table_option,tb_users,,ENGINE=InnoDB DEFAULT CHARSET=utf8mb4 COLLATE=utf8mb4_general_ci,ENGINE=InnoDB DEFAULT CHARSET=utf8mb4,ALTER TABLE option/collation in Yoga to match local_bram,ALTER TABLE option/collation in Local to match Yoga,Umumnya beda COLLATE eksplisit vs default dump
table_option_diff,different,table_option,tb_whats,,ENGINE=InnoDB DEFAULT CHARSET=utf8mb4 COLLATE=utf8mb4_general_ci,ENGINE=InnoDB DEFAULT CHARSET=utf8mb4,ALTER TABLE option/collation in Yoga to match local_bram,ALTER TABLE option/collation in Local to match Yoga,Umumnya beda COLLATE eksplisit vs default dump
table_option_diff,different,table_option,tb_wilayah,,ENGINE=InnoDB DEFAULT CHARSET=utf8mb4 COLLATE=utf8mb4_general_ci,ENGINE=InnoDB DEFAULT CHARSET=utf8mb4,ALTER TABLE option/collation in Yoga to match local_bram,ALTER TABLE option/collation in Local to match Yoga,Umumnya beda COLLATE eksplisit vs default dump
table_option_diff,different,table_option,tbar_archive,,ENGINE=InnoDB DEFAULT CHARSET=utf8mb4 COLLATE=utf8mb4_general_ci,ENGINE=InnoDB DEFAULT CHARSET=utf8mb4,ALTER TABLE option/collation in Yoga to match local_bram,ALTER TABLE option/collation in Local to match Yoga,Umumnya beda COLLATE eksplisit vs default dump
table_option_diff,different,table_option,tbar_bobotkpi,,ENGINE=InnoDB DEFAULT CHARSET=utf8mb4 COLLATE=utf8mb4_general_ci,ENGINE=InnoDB DEFAULT CHARSET=utf8mb4,ALTER TABLE option/collation in Yoga to match local_bram,ALTER TABLE option/collation in Local to match Yoga,Umumnya beda COLLATE eksplisit vs default dump
table_option_diff,different,table_option,tbar_hows,,ENGINE=InnoDB DEFAULT CHARSET=utf8mb4 COLLATE=utf8mb4_general_ci,ENGINE=InnoDB DEFAULT CHARSET=utf8mb4,ALTER TABLE option/collation in Yoga to match local_bram,ALTER TABLE option/collation in Local to match Yoga,Umumnya beda COLLATE eksplisit vs default dump
table_option_diff,different,table_option,tbar_indikator_hows,,ENGINE=InnoDB DEFAULT CHARSET=utf8mb4 COLLATE=utf8mb4_general_ci,ENGINE=InnoDB DEFAULT CHARSET=utf8mb4,ALTER TABLE option/collation in Yoga to match local_bram,ALTER TABLE option/collation in Local to match Yoga,Umumnya beda COLLATE eksplisit vs default dump
table_option_diff,different,table_option,tbar_indikator_whats,,ENGINE=InnoDB DEFAULT CHARSET=utf8mb4 COLLATE=utf8mb4_general_ci,ENGINE=InnoDB DEFAULT CHARSET=utf8mb4,ALTER TABLE option/collation in Yoga to match local_bram,ALTER TABLE option/collation in Local to match Yoga,Umumnya beda COLLATE eksplisit vs default dump
table_option_diff,different,table_option,tbar_kpi,,ENGINE=InnoDB DEFAULT CHARSET=utf8mb4 COLLATE=utf8mb4_general_ci,ENGINE=InnoDB DEFAULT CHARSET=utf8mb4,ALTER TABLE option/collation in Yoga to match local_bram,ALTER TABLE option/collation in Local to match Yoga,Umumnya beda COLLATE eksplisit vs default dump
table_option_diff,different,table_option,tbar_sp_archive,,ENGINE=InnoDB DEFAULT CHARSET=utf8mb4 COLLATE=utf8mb4_general_ci,ENGINE=InnoDB DEFAULT CHARSET=utf8mb4,ALTER TABLE option/collation in Yoga to match local_bram,ALTER TABLE option/collation in Local to match Yoga,Umumnya beda COLLATE eksplisit vs default dump
table_option_diff,different,table_option,tbar_whats,,ENGINE=InnoDB DEFAULT CHARSET=utf8mb4 COLLATE=utf8mb4_general_ci,ENGINE=InnoDB DEFAULT CHARSET=utf8mb4,ALTER TABLE option/collation in Yoga to match local_bram,ALTER TABLE option/collation in Local to match Yoga,Umumnya beda COLLATE eksplisit vs default dump
table_option_diff,different,table_option,tberp_stock_batch,,ENGINE=InnoDB DEFAULT CHARSET=utf8mb4 COLLATE=utf8mb4_general_ci,ENGINE=InnoDB DEFAULT CHARSET=utf8mb4,ALTER TABLE option/collation in Yoga to match local_bram,ALTER TABLE option/collation in Local to match Yoga,Umumnya beda COLLATE eksplisit vs default dump
table_option_diff,different,table_option,tberp_stock_ledger,,ENGINE=InnoDB DEFAULT CHARSET=utf8mb4 COLLATE=utf8mb4_general_ci,ENGINE=InnoDB DEFAULT CHARSET=utf8mb4,ALTER TABLE option/collation in Yoga to match local_bram,ALTER TABLE option/collation in Local to match Yoga,Umumnya beda COLLATE eksplisit vs default dump
column_missing,local_only,column,tbhrd_environment_issues,star_rating,tinyint(1) NOT NULL DEFAULT 0,,ADD COLUMN to Yoga,DROP COLUMN from Local,
table_option_diff,different,table_option,tbhrd_environment_issues,,ENGINE=InnoDB DEFAULT CHARSET=utf8mb4 COLLATE=utf8mb4_general_ci,ENGINE=InnoDB DEFAULT CHARSET=utf8mb4,ALTER TABLE option/collation in Yoga to match local_bram,ALTER TABLE option/collation in Local to match Yoga,Umumnya beda COLLATE eksplisit vs default dump
index_missing,local_only,index,tbhrd_environment_issues,ADD KEY idx_tbhrd_environment_issues_star_rating (star_rating),ADD KEY idx_tbhrd_environment_issues_star_rating (star_rating),,ADD INDEX/KEY to Yoga,DROP INDEX/KEY from Local,
table_option_diff,different,table_option,tbhrd_issue_evidences,,ENGINE=InnoDB DEFAULT CHARSET=utf8mb4 COLLATE=utf8mb4_general_ci,ENGINE=InnoDB DEFAULT CHARSET=utf8mb4,ALTER TABLE option/collation in Yoga to match local_bram,ALTER TABLE option/collation in Local to match Yoga,Umumnya beda COLLATE eksplisit vs default dump
table_option_diff,different,table_option,tbhrd_issue_logs,,ENGINE=InnoDB DEFAULT CHARSET=utf8mb4 COLLATE=utf8mb4_general_ci,ENGINE=InnoDB DEFAULT CHARSET=utf8mb4,ALTER TABLE option/collation in Yoga to match local_bram,ALTER TABLE option/collation in Local to match Yoga,Umumnya beda COLLATE eksplisit vs default dump
table_option_diff,different,table_option,tbhrd_issue_rating,,ENGINE=InnoDB DEFAULT CHARSET=utf8mb4 COLLATE=utf8mb4_general_ci,ENGINE=InnoDB DEFAULT CHARSET=utf8mb4,ALTER TABLE option/collation in Yoga to match local_bram,ALTER TABLE option/collation in Local to match Yoga,Umumnya beda COLLATE eksplisit vs default dump
table_option_diff,different,table_option,tbhrd_issue_status,,ENGINE=InnoDB DEFAULT CHARSET=utf8mb4 COLLATE=utf8mb4_general_ci,ENGINE=InnoDB DEFAULT CHARSET=utf8mb4,ALTER TABLE option/collation in Yoga to match local_bram,ALTER TABLE option/collation in Local to match Yoga,Umumnya beda COLLATE eksplisit vs default dump
table_option_diff,different,table_option,tbhrd_lokasi,,ENGINE=InnoDB DEFAULT CHARSET=utf8mb4 COLLATE=utf8mb4_general_ci,ENGINE=InnoDB DEFAULT CHARSET=utf8mb4,ALTER TABLE option/collation in Yoga to match local_bram,ALTER TABLE option/collation in Local to match Yoga,Umumnya beda COLLATE eksplisit vs default dump
table_option_diff,different,table_option,tbhrd_nilai_lingkungan,,ENGINE=InnoDB DEFAULT CHARSET=utf8mb4 COLLATE=utf8mb4_general_ci,ENGINE=InnoDB DEFAULT CHARSET=utf8mb4,ALTER TABLE option/collation in Yoga to match local_bram,ALTER TABLE option/collation in Local to match Yoga,Umumnya beda COLLATE eksplisit vs default dump
fk_missing,local_only,foreign_key,tbhrd_nilai_lingkungan,ADD CONSTRAINT tbhrd_nilai_lingkungan_fk_location FOREIGN KEY (location_id) REFERENCES tbhrd_lokasi (id),ADD CONSTRAINT tbhrd_nilai_lingkungan_fk_location FOREIGN KEY (location_id) REFERENCES tbhrd_lokasi (id),,ADD FOREIGN KEY to Yoga,DROP FOREIGN KEY from Local,
fk_missing,local_only,foreign_key,tbhrd_nilai_lingkungan,ADD CONSTRAINT tbhrd_nilai_lingkungan_fk_rating FOREIGN KEY (rating_id) REFERENCES tbhrd_issue_rating (id),ADD CONSTRAINT tbhrd_nilai_lingkungan_fk_rating FOREIGN KEY (rating_id) REFERENCES tbhrd_issue_rating (id),,ADD FOREIGN KEY to Yoga,DROP FOREIGN KEY from Local,
fk_missing,local_only,foreign_key,tbhrd_nilai_lingkungan,ADD CONSTRAINT tbhrd_nilai_lingkungan_fk_status FOREIGN KEY (status_id) REFERENCES tbhrd_issue_status (id),ADD CONSTRAINT tbhrd_nilai_lingkungan_fk_status FOREIGN KEY (status_id) REFERENCES tbhrd_issue_status (id),,ADD FOREIGN KEY to Yoga,DROP FOREIGN KEY from Local,
auto_increment_missing,local_only,auto_increment,tbhrd_nilai_lingkungan,MODIFY id bigint(20) NOT NULL AUTO_INCREMENT,MODIFY id bigint(20) NOT NULL AUTO_INCREMENT,,ADD AUTO_INCREMENT attr to Yoga,DROP AUTO_INCREMENT attr from Local,
table_option_diff,different,table_option,tbkeu_akun,,ENGINE=InnoDB DEFAULT CHARSET=utf8mb4 COLLATE=utf8mb4_general_ci,ENGINE=InnoDB DEFAULT CHARSET=utf8mb4,ALTER TABLE option/collation in Yoga to match local_bram,ALTER TABLE option/collation in Local to match Yoga,Umumnya beda COLLATE eksplisit vs default dump
fk_missing,local_only,foreign_key,tbkeu_akun,ADD CONSTRAINT fk_tbkeu_akun_klasifikasi FOREIGN KEY (id_klasifikasi) REFERENCES tbkeu_klasifikasi_akun (id_klasifikasi) ON UPDATE CASCADE,ADD CONSTRAINT fk_tbkeu_akun_klasifikasi FOREIGN KEY (id_klasifikasi) REFERENCES tbkeu_klasifikasi_akun (id_klasifikasi) ON UPDATE CASCADE,,ADD FOREIGN KEY to Yoga,DROP FOREIGN KEY from Local,
fk_missing,local_only,foreign_key,tbkeu_akun,ADD CONSTRAINT fk_tbkeu_akun_parent FOREIGN KEY (parent_id) REFERENCES tbkeu_akun (id_akun) ON UPDATE CASCADE,ADD CONSTRAINT fk_tbkeu_akun_parent FOREIGN KEY (parent_id) REFERENCES tbkeu_akun (id_akun) ON UPDATE CASCADE,,ADD FOREIGN KEY to Yoga,DROP FOREIGN KEY from Local,
auto_increment_missing,local_only,auto_increment,tbkeu_akun,MODIFY id_akun bigint(20) UNSIGNED NOT NULL AUTO_INCREMENT,MODIFY id_akun bigint(20) UNSIGNED NOT NULL AUTO_INCREMENT,,ADD AUTO_INCREMENT attr to Yoga,DROP AUTO_INCREMENT attr from Local,
table_option_diff,different,table_option,tbkeu_akun_karismaerp_ref,,ENGINE=InnoDB DEFAULT CHARSET=utf8mb4 COLLATE=utf8mb4_general_ci,ENGINE=InnoDB DEFAULT CHARSET=utf8mb4,ALTER TABLE option/collation in Yoga to match local_bram,ALTER TABLE option/collation in Local to match Yoga,Umumnya beda COLLATE eksplisit vs default dump
fk_missing,local_only,foreign_key,tbkeu_akun_karismaerp_ref,ADD CONSTRAINT fk_tbkeu_akun_karismaerp_akun FOREIGN KEY (id_akun) REFERENCES tbkeu_akun (id_akun) ON DELETE SET NULL ON UPDATE CASCADE,ADD CONSTRAINT fk_tbkeu_akun_karismaerp_akun FOREIGN KEY (id_akun) REFERENCES tbkeu_akun (id_akun) ON DELETE SET NULL ON UPDATE CASCADE,,ADD FOREIGN KEY to Yoga,DROP FOREIGN KEY from Local,
fk_missing,local_only,foreign_key,tbkeu_akun_karismaerp_ref,ADD CONSTRAINT fk_tbkeu_akun_karismaerp_batch FOREIGN KEY (id_batch) REFERENCES tbkeu_karismaerp_import_batch (id_batch) ON DELETE SET NULL ON UPDATE CASCADE,ADD CONSTRAINT fk_tbkeu_akun_karismaerp_batch FOREIGN KEY (id_batch) REFERENCES tbkeu_karismaerp_import_batch (id_batch) ON DELETE SET NULL ON UPDATE CASCADE,,ADD FOREIGN KEY to Yoga,DROP FOREIGN KEY from Local,
fk_missing,local_only,foreign_key,tbkeu_akun_karismaerp_ref,ADD CONSTRAINT fk_tbkeu_akun_karismaerp_sub FOREIGN KEY (id_sub_klasifikasi) REFERENCES tbkeu_sub_klasifikasi_akun (id_sub_klasifikasi) ON DELETE SET NULL ON UPDATE CASCADE,ADD CONSTRAINT fk_tbkeu_akun_karismaerp_sub FOREIGN KEY (id_sub_klasifikasi) REFERENCES tbkeu_sub_klasifikasi_akun (id_sub_klasifikasi) ON DELETE SET NULL ON UPDATE CASCADE,,ADD FOREIGN KEY to Yoga,DROP FOREIGN KEY from Local,
auto_increment_missing,local_only,auto_increment,tbkeu_akun_karismaerp_ref,MODIFY id_ref bigint(20) UNSIGNED NOT NULL AUTO_INCREMENT,MODIFY id_ref bigint(20) UNSIGNED NOT NULL AUTO_INCREMENT,,ADD AUTO_INCREMENT attr to Yoga,DROP AUTO_INCREMENT attr from Local,
table_option_diff,different,table_option,tbkeu_dummy_source,,ENGINE=InnoDB DEFAULT CHARSET=utf8mb4 COLLATE=utf8mb4_general_ci,ENGINE=InnoDB DEFAULT CHARSET=utf8mb4,ALTER TABLE option/collation in Yoga to match local_bram,ALTER TABLE option/collation in Local to match Yoga,Umumnya beda COLLATE eksplisit vs default dump
auto_increment_missing,local_only,auto_increment,tbkeu_dummy_source,MODIFY id_dummy bigint(20) UNSIGNED NOT NULL AUTO_INCREMENT,MODIFY id_dummy bigint(20) UNSIGNED NOT NULL AUTO_INCREMENT,,ADD AUTO_INCREMENT attr to Yoga,DROP AUTO_INCREMENT attr from Local,
table_option_diff,different,table_option,tbkeu_jenis_jurnal,,ENGINE=InnoDB DEFAULT CHARSET=utf8mb4 COLLATE=utf8mb4_general_ci,ENGINE=InnoDB DEFAULT CHARSET=utf8mb4,ALTER TABLE option/collation in Yoga to match local_bram,ALTER TABLE option/collation in Local to match Yoga,Umumnya beda COLLATE eksplisit vs default dump
auto_increment_missing,local_only,auto_increment,tbkeu_jenis_jurnal,MODIFY id_jenis_jurnal smallint(5) UNSIGNED NOT NULL AUTO_INCREMENT,MODIFY id_jenis_jurnal smallint(5) UNSIGNED NOT NULL AUTO_INCREMENT,,ADD AUTO_INCREMENT attr to Yoga,DROP AUTO_INCREMENT attr from Local,
table_option_diff,different,table_option,tbkeu_jurnal,,ENGINE=InnoDB DEFAULT CHARSET=utf8mb4 COLLATE=utf8mb4_general_ci,ENGINE=InnoDB DEFAULT CHARSET=utf8mb4,ALTER TABLE option/collation in Yoga to match local_bram,ALTER TABLE option/collation in Local to match Yoga,Umumnya beda COLLATE eksplisit vs default dump
fk_missing,local_only,foreign_key,tbkeu_jurnal,ADD CONSTRAINT fk_tbkeu_jurnal_jenis FOREIGN KEY (id_jenis_jurnal) REFERENCES tbkeu_jenis_jurnal (id_jenis_jurnal) ON UPDATE CASCADE,ADD CONSTRAINT fk_tbkeu_jurnal_jenis FOREIGN KEY (id_jenis_jurnal) REFERENCES tbkeu_jenis_jurnal (id_jenis_jurnal) ON UPDATE CASCADE,,ADD FOREIGN KEY to Yoga,DROP FOREIGN KEY from Local,
fk_missing,local_only,foreign_key,tbkeu_jurnal,ADD CONSTRAINT fk_tbkeu_jurnal_periode FOREIGN KEY (id_periode) REFERENCES tbkeu_periode_fiskal (id_periode) ON UPDATE CASCADE,ADD CONSTRAINT fk_tbkeu_jurnal_periode FOREIGN KEY (id_periode) REFERENCES tbkeu_periode_fiskal (id_periode) ON UPDATE CASCADE,,ADD FOREIGN KEY to Yoga,DROP FOREIGN KEY from Local,
fk_missing,local_only,foreign_key,tbkeu_jurnal,ADD CONSTRAINT fk_tbkeu_jurnal_reversal FOREIGN KEY (reversal_of_journal_id) REFERENCES tbkeu_jurnal (id_jurnal) ON UPDATE CASCADE,ADD CONSTRAINT fk_tbkeu_jurnal_reversal FOREIGN KEY (reversal_of_journal_id) REFERENCES tbkeu_jurnal (id_jurnal) ON UPDATE CASCADE,,ADD FOREIGN KEY to Yoga,DROP FOREIGN KEY from Local,
table_option_diff,different,table_option,tbkeu_jurnal_detail,,ENGINE=InnoDB DEFAULT CHARSET=utf8mb4 COLLATE=utf8mb4_general_ci,ENGINE=InnoDB DEFAULT CHARSET=utf8mb4,ALTER TABLE option/collation in Yoga to match local_bram,ALTER TABLE option/collation in Local to match Yoga,Umumnya beda COLLATE eksplisit vs default dump
fk_missing,local_only,foreign_key,tbkeu_jurnal_detail,ADD CONSTRAINT fk_tbkeu_jurnal_detail_akun FOREIGN KEY (id_akun) REFERENCES tbkeu_akun (id_akun) ON UPDATE CASCADE,ADD CONSTRAINT fk_tbkeu_jurnal_detail_akun FOREIGN KEY (id_akun) REFERENCES tbkeu_akun (id_akun) ON UPDATE CASCADE,,ADD FOREIGN KEY to Yoga,DROP FOREIGN KEY from Local,
fk_missing,local_only,foreign_key,tbkeu_jurnal_detail,ADD CONSTRAINT fk_tbkeu_jurnal_detail_jurnal FOREIGN KEY (id_jurnal) REFERENCES tbkeu_jurnal (id_jurnal) ON UPDATE CASCADE,ADD CONSTRAINT fk_tbkeu_jurnal_detail_jurnal FOREIGN KEY (id_jurnal) REFERENCES tbkeu_jurnal (id_jurnal) ON UPDATE CASCADE,,ADD FOREIGN KEY to Yoga,DROP FOREIGN KEY from Local,
table_option_diff,different,table_option,tbkeu_jurnal_log,,ENGINE=InnoDB DEFAULT CHARSET=utf8mb4 COLLATE=utf8mb4_general_ci,ENGINE=InnoDB DEFAULT CHARSET=utf8mb4,ALTER TABLE option/collation in Yoga to match local_bram,ALTER TABLE option/collation in Local to match Yoga,Umumnya beda COLLATE eksplisit vs default dump
fk_missing,local_only,foreign_key,tbkeu_jurnal_log,ADD CONSTRAINT fk_tbkeu_jurnal_log_jurnal FOREIGN KEY (id_jurnal) REFERENCES tbkeu_jurnal (id_jurnal) ON UPDATE CASCADE,ADD CONSTRAINT fk_tbkeu_jurnal_log_jurnal FOREIGN KEY (id_jurnal) REFERENCES tbkeu_jurnal (id_jurnal) ON UPDATE CASCADE,,ADD FOREIGN KEY to Yoga,DROP FOREIGN KEY from Local,
table_option_diff,different,table_option,tbkeu_karismaerp_import_batch,,ENGINE=InnoDB DEFAULT CHARSET=utf8mb4 COLLATE=utf8mb4_general_ci,ENGINE=InnoDB DEFAULT CHARSET=utf8mb4,ALTER TABLE option/collation in Yoga to match local_bram,ALTER TABLE option/collation in Local to match Yoga,Umumnya beda COLLATE eksplisit vs default dump
auto_increment_missing,local_only,auto_increment,tbkeu_karismaerp_import_batch,MODIFY id_batch bigint(20) UNSIGNED NOT NULL AUTO_INCREMENT,MODIFY id_batch bigint(20) UNSIGNED NOT NULL AUTO_INCREMENT,,ADD AUTO_INCREMENT attr to Yoga,DROP AUTO_INCREMENT attr from Local,
table_option_diff,different,table_option,tbkeu_karismaerp_kelompok_jurnal,,ENGINE=InnoDB DEFAULT CHARSET=utf8mb4 COLLATE=utf8mb4_general_ci,ENGINE=InnoDB DEFAULT CHARSET=utf8mb4,ALTER TABLE option/collation in Yoga to match local_bram,ALTER TABLE option/collation in Local to match Yoga,Umumnya beda COLLATE eksplisit vs default dump
fk_missing,local_only,foreign_key,tbkeu_karismaerp_kelompok_jurnal,ADD CONSTRAINT fk_tbkeu_karismaerp_kelompok_batch FOREIGN KEY (id_batch) REFERENCES tbkeu_karismaerp_import_batch (id_batch) ON DELETE SET NULL ON UPDATE CASCADE,ADD CONSTRAINT fk_tbkeu_karismaerp_kelompok_batch FOREIGN KEY (id_batch) REFERENCES tbkeu_karismaerp_import_batch (id_batch) ON DELETE SET NULL ON UPDATE CASCADE,,ADD FOREIGN KEY to Yoga,DROP FOREIGN KEY from Local,
auto_increment_missing,local_only,auto_increment,tbkeu_karismaerp_kelompok_jurnal,MODIFY id_kelompok_karismaerp bigint(20) UNSIGNED NOT NULL AUTO_INCREMENT,MODIFY id_kelompok_karismaerp bigint(20) UNSIGNED NOT NULL AUTO_INCREMENT,,ADD AUTO_INCREMENT attr to Yoga,DROP AUTO_INCREMENT attr from Local,
table_option_diff,different,table_option,tbkeu_kelompok_dagang,,ENGINE=InnoDB DEFAULT CHARSET=utf8mb4 COLLATE=utf8mb4_general_ci,ENGINE=InnoDB DEFAULT CHARSET=utf8mb4,ALTER TABLE option/collation in Yoga to match local_bram,ALTER TABLE option/collation in Local to match Yoga,Umumnya beda COLLATE eksplisit vs default dump
table_option_diff,different,table_option,tbkeu_klasifikasi_akun,,ENGINE=InnoDB DEFAULT CHARSET=utf8mb4 COLLATE=utf8mb4_general_ci,ENGINE=InnoDB DEFAULT CHARSET=utf8mb4,ALTER TABLE option/collation in Yoga to match local_bram,ALTER TABLE option/collation in Local to match Yoga,Umumnya beda COLLATE eksplisit vs default dump
table_option_diff,different,table_option,tbkeu_mapping_akun,,ENGINE=InnoDB DEFAULT CHARSET=utf8mb4 COLLATE=utf8mb4_general_ci,ENGINE=InnoDB DEFAULT CHARSET=utf8mb4,ALTER TABLE option/collation in Yoga to match local_bram,ALTER TABLE option/collation in Local to match Yoga,Umumnya beda COLLATE eksplisit vs default dump
fk_missing,local_only,foreign_key,tbkeu_mapping_akun,ADD CONSTRAINT fk_tbkeu_mapping_akun FOREIGN KEY (id_akun) REFERENCES tbkeu_akun (id_akun) ON UPDATE CASCADE,ADD CONSTRAINT fk_tbkeu_mapping_akun FOREIGN KEY (id_akun) REFERENCES tbkeu_akun (id_akun) ON UPDATE CASCADE,,ADD FOREIGN KEY to Yoga,DROP FOREIGN KEY from Local,
auto_increment_missing,local_only,auto_increment,tbkeu_mapping_akun,MODIFY id_mapping bigint(20) UNSIGNED NOT NULL AUTO_INCREMENT,MODIFY id_mapping bigint(20) UNSIGNED NOT NULL AUTO_INCREMENT,,ADD AUTO_INCREMENT attr to Yoga,DROP AUTO_INCREMENT attr from Local,
table_option_diff,different,table_option,tbkeu_nomor_dokumen,,ENGINE=InnoDB DEFAULT CHARSET=utf8mb4 COLLATE=utf8mb4_general_ci,ENGINE=InnoDB DEFAULT CHARSET=utf8mb4,ALTER TABLE option/collation in Yoga to match local_bram,ALTER TABLE option/collation in Local to match Yoga,Umumnya beda COLLATE eksplisit vs default dump
auto_increment_missing,local_only,auto_increment,tbkeu_nomor_dokumen,MODIFY id_nomor bigint(20) UNSIGNED NOT NULL AUTO_INCREMENT,MODIFY id_nomor bigint(20) UNSIGNED NOT NULL AUTO_INCREMENT,,ADD AUTO_INCREMENT attr to Yoga,DROP AUTO_INCREMENT attr from Local,
table_option_diff,different,table_option,tbkeu_pembayaran,,ENGINE=InnoDB DEFAULT CHARSET=utf8mb4 COLLATE=utf8mb4_general_ci,ENGINE=InnoDB DEFAULT CHARSET=utf8mb4,ALTER TABLE option/collation in Yoga to match local_bram,ALTER TABLE option/collation in Local to match Yoga,Umumnya beda COLLATE eksplisit vs default dump
fk_missing,local_only,foreign_key,tbkeu_pembayaran,ADD CONSTRAINT fk_tbkeu_pembayaran_jurnal FOREIGN KEY (id_jurnal) REFERENCES tbkeu_jurnal (id_jurnal) ON DELETE SET NULL ON UPDATE CASCADE,ADD CONSTRAINT fk_tbkeu_pembayaran_jurnal FOREIGN KEY (id_jurnal) REFERENCES tbkeu_jurnal (id_jurnal) ON DELETE SET NULL ON UPDATE CASCADE,,ADD FOREIGN KEY to Yoga,DROP FOREIGN KEY from Local,
auto_increment_missing,local_only,auto_increment,tbkeu_pembayaran,MODIFY id_pembayaran bigint(20) UNSIGNED NOT NULL AUTO_INCREMENT,MODIFY id_pembayaran bigint(20) UNSIGNED NOT NULL AUTO_INCREMENT,,ADD AUTO_INCREMENT attr to Yoga,DROP AUTO_INCREMENT attr from Local,
table_option_diff,different,table_option,tbkeu_pembayaran_alokasi,,ENGINE=InnoDB DEFAULT CHARSET=utf8mb4 COLLATE=utf8mb4_general_ci,ENGINE=InnoDB DEFAULT CHARSET=utf8mb4,ALTER TABLE option/collation in Yoga to match local_bram,ALTER TABLE option/collation in Local to match Yoga,Umumnya beda COLLATE eksplisit vs default dump
fk_missing,local_only,foreign_key,tbkeu_pembayaran_alokasi,ADD CONSTRAINT fk_tbkeu_payment_alloc_payment FOREIGN KEY (id_pembayaran) REFERENCES tbkeu_pembayaran (id_pembayaran) ON UPDATE CASCADE,ADD CONSTRAINT fk_tbkeu_payment_alloc_payment FOREIGN KEY (id_pembayaran) REFERENCES tbkeu_pembayaran (id_pembayaran) ON UPDATE CASCADE,,ADD FOREIGN KEY to Yoga,DROP FOREIGN KEY from Local,
auto_increment_missing,local_only,auto_increment,tbkeu_pembayaran_alokasi,MODIFY id_alokasi bigint(20) UNSIGNED NOT NULL AUTO_INCREMENT,MODIFY id_alokasi bigint(20) UNSIGNED NOT NULL AUTO_INCREMENT,,ADD AUTO_INCREMENT attr to Yoga,DROP AUTO_INCREMENT attr from Local,
column_definition_diff,different,column,tbkeu_pembayaran_faktur,metode_pembayaran,varchar(30) DEFAULT NULL,varchar(100) DEFAULT NULL,MODIFY COLUMN in Yoga to local_bram definition,MODIFY COLUMN in Local to Yoga definition,Perbedaan tipe/default/null/enum/length yang berdampak schema
table_option_diff,different,table_option,tbkeu_pembayaran_faktur,,ENGINE=InnoDB DEFAULT CHARSET=utf8 COLLATE=utf8_general_ci,ENGINE=InnoDB DEFAULT CHARSET=utf8,ALTER TABLE option/collation in Yoga to match local_bram,ALTER TABLE option/collation in Local to match Yoga,Umumnya beda COLLATE eksplisit vs default dump
table_option_diff,different,table_option,tbkeu_periode_fiskal,,ENGINE=InnoDB DEFAULT CHARSET=utf8mb4 COLLATE=utf8mb4_general_ci,ENGINE=InnoDB DEFAULT CHARSET=utf8mb4,ALTER TABLE option/collation in Yoga to match local_bram,ALTER TABLE option/collation in Local to match Yoga,Umumnya beda COLLATE eksplisit vs default dump
index_missing,local_only,index,tbkeu_periode_fiskal,"ADD KEY idx_tbkeu_periode_status (status,is_active)","ADD KEY idx_tbkeu_periode_status (status,is_active)",,ADD INDEX/KEY to Yoga,DROP INDEX/KEY from Local,
index_missing,local_only,index,tbkeu_periode_fiskal,"ADD KEY idx_tbkeu_periode_tanggal (tanggal_mulai,tanggal_selesai)","ADD KEY idx_tbkeu_periode_tanggal (tanggal_mulai,tanggal_selesai)",,ADD INDEX/KEY to Yoga,DROP INDEX/KEY from Local,
index_missing,local_only,index,tbkeu_periode_fiskal,ADD PRIMARY KEY (id_periode),ADD PRIMARY KEY (id_periode),,ADD INDEX/KEY to Yoga,DROP INDEX/KEY from Local,
index_missing,local_only,index,tbkeu_periode_fiskal,ADD UNIQUE KEY uk_tbkeu_periode_kode (kode_periode),ADD UNIQUE KEY uk_tbkeu_periode_kode (kode_periode),,ADD INDEX/KEY to Yoga,DROP INDEX/KEY from Local,
auto_increment_missing,local_only,auto_increment,tbkeu_periode_fiskal,MODIFY id_periode bigint(20) UNSIGNED NOT NULL AUTO_INCREMENT,MODIFY id_periode bigint(20) UNSIGNED NOT NULL AUTO_INCREMENT,,ADD AUTO_INCREMENT attr to Yoga,DROP AUTO_INCREMENT attr from Local,
table_option_diff,different,table_option,tbkeu_periode_fiskal_log,,ENGINE=InnoDB DEFAULT CHARSET=utf8mb4 COLLATE=utf8mb4_general_ci,ENGINE=InnoDB DEFAULT CHARSET=utf8mb4,ALTER TABLE option/collation in Yoga to match local_bram,ALTER TABLE option/collation in Local to match Yoga,Umumnya beda COLLATE eksplisit vs default dump
index_missing,local_only,index,tbkeu_periode_fiskal_log,"ADD KEY idx_tbkeu_periode_log_action (action,approval_at)","ADD KEY idx_tbkeu_periode_log_action (action,approval_at)",,ADD INDEX/KEY to Yoga,DROP INDEX/KEY from Local,
index_missing,local_only,index,tbkeu_periode_fiskal_log,ADD KEY idx_tbkeu_periode_log_periode (id_periode),ADD KEY idx_tbkeu_periode_log_periode (id_periode),,ADD INDEX/KEY to Yoga,DROP INDEX/KEY from Local,
index_missing,local_only,index,tbkeu_periode_fiskal_log,ADD PRIMARY KEY (id_log),ADD PRIMARY KEY (id_log),,ADD INDEX/KEY to Yoga,DROP INDEX/KEY from Local,
fk_missing,local_only,foreign_key,tbkeu_periode_fiskal_log,ADD CONSTRAINT fk_tbkeu_periode_log_periode FOREIGN KEY (id_periode) REFERENCES tbkeu_periode_fiskal (id_periode) ON UPDATE CASCADE,ADD CONSTRAINT fk_tbkeu_periode_log_periode FOREIGN KEY (id_periode) REFERENCES tbkeu_periode_fiskal (id_periode) ON UPDATE CASCADE,,ADD FOREIGN KEY to Yoga,DROP FOREIGN KEY from Local,
auto_increment_missing,local_only,auto_increment,tbkeu_periode_fiskal_log,MODIFY id_log bigint(20) UNSIGNED NOT NULL AUTO_INCREMENT,MODIFY id_log bigint(20) UNSIGNED NOT NULL AUTO_INCREMENT,,ADD AUTO_INCREMENT attr to Yoga,DROP AUTO_INCREMENT attr from Local,
table_option_diff,different,table_option,tbkeu_posting_exception,,ENGINE=InnoDB DEFAULT CHARSET=utf8mb4 COLLATE=utf8mb4_general_ci,ENGINE=InnoDB DEFAULT CHARSET=utf8mb4,ALTER TABLE option/collation in Yoga to match local_bram,ALTER TABLE option/collation in Local to match Yoga,Umumnya beda COLLATE eksplisit vs default dump
index_missing,local_only,index,tbkeu_posting_exception,ADD KEY idx_tbkeu_exception_jurnal (id_jurnal),ADD KEY idx_tbkeu_exception_jurnal (id_jurnal),,ADD INDEX/KEY to Yoga,DROP INDEX/KEY from Local,
index_missing,local_only,index,tbkeu_posting_exception,"ADD KEY idx_tbkeu_exception_source (source_module,source_type,source_id,posting_event)","ADD KEY idx_tbkeu_exception_source (source_module,source_type,source_id,posting_event)",,ADD INDEX/KEY to Yoga,DROP INDEX/KEY from Local,
index_missing,local_only,index,tbkeu_posting_exception,"ADD KEY idx_tbkeu_exception_status (status,created_at)","ADD KEY idx_tbkeu_exception_status (status,created_at)",,ADD INDEX/KEY to Yoga,DROP INDEX/KEY from Local,
index_missing,local_only,index,tbkeu_posting_exception,ADD PRIMARY KEY (id_exception),ADD PRIMARY KEY (id_exception),,ADD INDEX/KEY to Yoga,DROP INDEX/KEY from Local,
fk_missing,local_only,foreign_key,tbkeu_posting_exception,ADD CONSTRAINT fk_tbkeu_exception_jurnal FOREIGN KEY (id_jurnal) REFERENCES tbkeu_jurnal (id_jurnal) ON DELETE SET NULL ON UPDATE CASCADE,ADD CONSTRAINT fk_tbkeu_exception_jurnal FOREIGN KEY (id_jurnal) REFERENCES tbkeu_jurnal (id_jurnal) ON DELETE SET NULL ON UPDATE CASCADE,,ADD FOREIGN KEY to Yoga,DROP FOREIGN KEY from Local,
auto_increment_missing,local_only,auto_increment,tbkeu_posting_exception,MODIFY id_exception bigint(20) UNSIGNED NOT NULL AUTO_INCREMENT,MODIFY id_exception bigint(20) UNSIGNED NOT NULL AUTO_INCREMENT,,ADD AUTO_INCREMENT attr to Yoga,DROP AUTO_INCREMENT attr from Local,
table_option_diff,different,table_option,tbkeu_report_rule_akun,,ENGINE=InnoDB DEFAULT CHARSET=utf8mb4 COLLATE=utf8mb4_general_ci,ENGINE=InnoDB DEFAULT CHARSET=utf8mb4,ALTER TABLE option/collation in Yoga to match local_bram,ALTER TABLE option/collation in Local to match Yoga,Umumnya beda COLLATE eksplisit vs default dump
index_missing,local_only,index,tbkeu_report_rule_akun,ADD KEY fk_tbkeu_report_rule_akun (id_akun),ADD KEY fk_tbkeu_report_rule_akun (id_akun),,ADD INDEX/KEY to Yoga,DROP INDEX/KEY from Local,
index_missing,local_only,index,tbkeu_report_rule_akun,ADD KEY idx_tbkeu_report_rule_batch (id_batch),ADD KEY idx_tbkeu_report_rule_batch (id_batch),,ADD INDEX/KEY to Yoga,DROP INDEX/KEY from Local,
index_missing,local_only,index,tbkeu_report_rule_akun,ADD KEY idx_tbkeu_report_rule_code (kode_rekening_normalized),ADD KEY idx_tbkeu_report_rule_code (kode_rekening_normalized),,ADD INDEX/KEY to Yoga,DROP INDEX/KEY from Local,
index_missing,local_only,index,tbkeu_report_rule_akun,"ADD KEY idx_tbkeu_report_rule_statement_order (statement_type,urutan)","ADD KEY idx_tbkeu_report_rule_statement_order (statement_type,urutan)",,ADD INDEX/KEY to Yoga,DROP INDEX/KEY from Local,
index_missing,local_only,index,tbkeu_report_rule_akun,ADD PRIMARY KEY (id_rule),ADD PRIMARY KEY (id_rule),,ADD INDEX/KEY to Yoga,DROP INDEX/KEY from Local,
index_missing,local_only,index,tbkeu_report_rule_akun,"ADD UNIQUE KEY uk_tbkeu_report_rule_statement_code (statement_type,kode_rekening_normalized)","ADD UNIQUE KEY uk_tbkeu_report_rule_statement_code (statement_type,kode_rekening_normalized)",,ADD INDEX/KEY to Yoga,DROP INDEX/KEY from Local,
fk_missing,local_only,foreign_key,tbkeu_report_rule_akun,ADD CONSTRAINT fk_tbkeu_report_rule_akun FOREIGN KEY (id_akun) REFERENCES tbkeu_akun (id_akun) ON DELETE SET NULL ON UPDATE CASCADE,ADD CONSTRAINT fk_tbkeu_report_rule_akun FOREIGN KEY (id_akun) REFERENCES tbkeu_akun (id_akun) ON DELETE SET NULL ON UPDATE CASCADE,,ADD FOREIGN KEY to Yoga,DROP FOREIGN KEY from Local,
fk_missing,local_only,foreign_key,tbkeu_report_rule_akun,ADD CONSTRAINT fk_tbkeu_report_rule_batch FOREIGN KEY (id_batch) REFERENCES tbkeu_karismaerp_import_batch (id_batch) ON DELETE SET NULL ON UPDATE CASCADE,ADD CONSTRAINT fk_tbkeu_report_rule_batch FOREIGN KEY (id_batch) REFERENCES tbkeu_karismaerp_import_batch (id_batch) ON DELETE SET NULL ON UPDATE CASCADE,,ADD FOREIGN KEY to Yoga,DROP FOREIGN KEY from Local,
auto_increment_missing,local_only,auto_increment,tbkeu_report_rule_akun,MODIFY id_rule bigint(20) UNSIGNED NOT NULL AUTO_INCREMENT,MODIFY id_rule bigint(20) UNSIGNED NOT NULL AUTO_INCREMENT,,ADD AUTO_INCREMENT attr to Yoga,DROP AUTO_INCREMENT attr from Local,
table_option_diff,different,table_option,tbkeu_saldo_awal_akun,,ENGINE=InnoDB DEFAULT CHARSET=utf8mb4 COLLATE=utf8mb4_general_ci,ENGINE=InnoDB DEFAULT CHARSET=utf8mb4,ALTER TABLE option/collation in Yoga to match local_bram,ALTER TABLE option/collation in Local to match Yoga,Umumnya beda COLLATE eksplisit vs default dump
index_missing,local_only,index,tbkeu_saldo_awal_akun,ADD PRIMARY KEY (id_saldo_awal),ADD PRIMARY KEY (id_saldo_awal),,ADD INDEX/KEY to Yoga,DROP INDEX/KEY from Local,
index_missing,local_only,index,tbkeu_saldo_awal_akun,"ADD UNIQUE KEY uk_tbkeu_saldo_awal (id_akun,tanggal_saldo)","ADD UNIQUE KEY uk_tbkeu_saldo_awal (id_akun,tanggal_saldo)",,ADD INDEX/KEY to Yoga,DROP INDEX/KEY from Local,
fk_missing,local_only,foreign_key,tbkeu_saldo_awal_akun,ADD CONSTRAINT fk_tbkeu_saldo_awal_akun FOREIGN KEY (id_akun) REFERENCES tbkeu_akun (id_akun) ON UPDATE CASCADE,ADD CONSTRAINT fk_tbkeu_saldo_awal_akun FOREIGN KEY (id_akun) REFERENCES tbkeu_akun (id_akun) ON UPDATE CASCADE,,ADD FOREIGN KEY to Yoga,DROP FOREIGN KEY from Local,
auto_increment_missing,local_only,auto_increment,tbkeu_saldo_awal_akun,MODIFY id_saldo_awal bigint(20) UNSIGNED NOT NULL AUTO_INCREMENT,MODIFY id_saldo_awal bigint(20) UNSIGNED NOT NULL AUTO_INCREMENT,,ADD AUTO_INCREMENT attr to Yoga,DROP AUTO_INCREMENT attr from Local,
table_option_diff,different,table_option,tbkeu_saldo_normal,,ENGINE=InnoDB DEFAULT CHARSET=utf8mb4 COLLATE=utf8mb4_general_ci,ENGINE=InnoDB DEFAULT CHARSET=utf8mb4,ALTER TABLE option/collation in Yoga to match local_bram,ALTER TABLE option/collation in Local to match Yoga,Umumnya beda COLLATE eksplisit vs default dump
index_missing,local_only,index,tbkeu_saldo_normal,ADD PRIMARY KEY (kode_saldo),ADD PRIMARY KEY (kode_saldo),,ADD INDEX/KEY to Yoga,DROP INDEX/KEY from Local,
table_option_diff,different,table_option,tbkeu_sub_klasifikasi_akun,,ENGINE=InnoDB DEFAULT CHARSET=utf8mb4 COLLATE=utf8mb4_general_ci,ENGINE=InnoDB DEFAULT CHARSET=utf8mb4,ALTER TABLE option/collation in Yoga to match local_bram,ALTER TABLE option/collation in Local to match Yoga,Umumnya beda COLLATE eksplisit vs default dump
index_missing,local_only,index,tbkeu_sub_klasifikasi_akun,ADD KEY idx_tbkeu_sub_klasifikasi_batch (id_batch),ADD KEY idx_tbkeu_sub_klasifikasi_batch (id_batch),,ADD INDEX/KEY to Yoga,DROP INDEX/KEY from Local,
index_missing,local_only,index,tbkeu_sub_klasifikasi_akun,ADD KEY idx_tbkeu_sub_klasifikasi_header (id_akun_header),ADD KEY idx_tbkeu_sub_klasifikasi_header (id_akun_header),,ADD INDEX/KEY to Yoga,DROP INDEX/KEY from Local,
index_missing,local_only,index,tbkeu_sub_klasifikasi_akun,ADD KEY idx_tbkeu_sub_klasifikasi_klasifikasi (id_klasifikasi),ADD KEY idx_tbkeu_sub_klasifikasi_klasifikasi (id_klasifikasi),,ADD INDEX/KEY to Yoga,DROP INDEX/KEY from Local,
index_missing,local_only,index,tbkeu_sub_klasifikasi_akun,ADD PRIMARY KEY (id_sub_klasifikasi),ADD PRIMARY KEY (id_sub_klasifikasi),,ADD INDEX/KEY to Yoga,DROP INDEX/KEY from Local,
index_missing,local_only,index,tbkeu_sub_klasifikasi_akun,ADD UNIQUE KEY uk_tbkeu_sub_klasifikasi_kode (kode_sub_klasifikasi),ADD UNIQUE KEY uk_tbkeu_sub_klasifikasi_kode (kode_sub_klasifikasi),,ADD INDEX/KEY to Yoga,DROP INDEX/KEY from Local,
fk_missing,local_only,foreign_key,tbkeu_sub_klasifikasi_akun,ADD CONSTRAINT fk_tbkeu_sub_klasifikasi_batch FOREIGN KEY (id_batch) REFERENCES tbkeu_karismaerp_import_batch (id_batch) ON DELETE SET NULL ON UPDATE CASCADE,ADD CONSTRAINT fk_tbkeu_sub_klasifikasi_batch FOREIGN KEY (id_batch) REFERENCES tbkeu_karismaerp_import_batch (id_batch) ON DELETE SET NULL ON UPDATE CASCADE,,ADD FOREIGN KEY to Yoga,DROP FOREIGN KEY from Local,
fk_missing,local_only,foreign_key,tbkeu_sub_klasifikasi_akun,ADD CONSTRAINT fk_tbkeu_sub_klasifikasi_header FOREIGN KEY (id_akun_header) REFERENCES tbkeu_akun (id_akun) ON DELETE SET NULL ON UPDATE CASCADE,ADD CONSTRAINT fk_tbkeu_sub_klasifikasi_header FOREIGN KEY (id_akun_header) REFERENCES tbkeu_akun (id_akun) ON DELETE SET NULL ON UPDATE CASCADE,,ADD FOREIGN KEY to Yoga,DROP FOREIGN KEY from Local,
fk_missing,local_only,foreign_key,tbkeu_sub_klasifikasi_akun,ADD CONSTRAINT fk_tbkeu_sub_klasifikasi_klasifikasi FOREIGN KEY (id_klasifikasi) REFERENCES tbkeu_klasifikasi_akun (id_klasifikasi) ON UPDATE CASCADE,ADD CONSTRAINT fk_tbkeu_sub_klasifikasi_klasifikasi FOREIGN KEY (id_klasifikasi) REFERENCES tbkeu_klasifikasi_akun (id_klasifikasi) ON UPDATE CASCADE,,ADD FOREIGN KEY to Yoga,DROP FOREIGN KEY from Local,
auto_increment_missing,local_only,auto_increment,tbkeu_sub_klasifikasi_akun,MODIFY id_sub_klasifikasi bigint(20) UNSIGNED NOT NULL AUTO_INCREMENT,MODIFY id_sub_klasifikasi bigint(20) UNSIGNED NOT NULL AUTO_INCREMENT,,ADD AUTO_INCREMENT attr to Yoga,DROP AUTO_INCREMENT attr from Local,
table_option_diff,different,table_option,tbkeu_tipe_kontrol,,ENGINE=InnoDB DEFAULT CHARSET=utf8mb4 COLLATE=utf8mb4_general_ci,ENGINE=InnoDB DEFAULT CHARSET=utf8mb4,ALTER TABLE option/collation in Yoga to match local_bram,ALTER TABLE option/collation in Local to match Yoga,Umumnya beda COLLATE eksplisit vs default dump
index_missing,local_only,index,tbkeu_tipe_kontrol,ADD PRIMARY KEY (kode_tipe_kontrol),ADD PRIMARY KEY (kode_tipe_kontrol),,ADD INDEX/KEY to Yoga,DROP INDEX/KEY from Local,
table_option_diff,different,table_option,tbkmt_dca,,ENGINE=InnoDB DEFAULT CHARSET=utf8mb4 COLLATE=utf8mb4_general_ci,ENGINE=InnoDB DEFAULT CHARSET=utf8mb4,ALTER TABLE option/collation in Yoga to match local_bram,ALTER TABLE option/collation in Local to match Yoga,Umumnya beda COLLATE eksplisit vs default dump
table_option_diff,different,table_option,tbkmt_dca_detail,,ENGINE=InnoDB DEFAULT CHARSET=utf8mb4 COLLATE=utf8mb4_general_ci,ENGINE=InnoDB DEFAULT CHARSET=utf8mb4,ALTER TABLE option/collation in Yoga to match local_bram,ALTER TABLE option/collation in Local to match Yoga,Umumnya beda COLLATE eksplisit vs default dump
table_option_diff,different,table_option,tbkmt_dca_kegiatan,,ENGINE=InnoDB DEFAULT CHARSET=utf8mb4 COLLATE=utf8mb4_general_ci,ENGINE=InnoDB DEFAULT CHARSET=utf8mb4,ALTER TABLE option/collation in Yoga to match local_bram,ALTER TABLE option/collation in Local to match Yoga,Umumnya beda COLLATE eksplisit vs default dump
table_option_diff,different,table_option,tbkmt_dca_verifikasi_log,,ENGINE=InnoDB DEFAULT CHARSET=utf8mb4 COLLATE=utf8mb4_general_ci COMMENT='Log riwayat verifikasi DCA KMT CORN',ENGINE=InnoDB DEFAULT CHARSET=utf8mb4 COMMENT='Log riwayat verifikasi DCA KMT CORN',ALTER TABLE option/collation in Yoga to match local_bram,ALTER TABLE option/collation in Local to match Yoga,Umumnya beda COLLATE eksplisit vs default dump
table_option_diff,different,table_option,tbkmt_gaji,,ENGINE=InnoDB DEFAULT CHARSET=utf8mb4 COLLATE=utf8mb4_general_ci,ENGINE=InnoDB DEFAULT CHARSET=utf8mb4,ALTER TABLE option/collation in Yoga to match local_bram,ALTER TABLE option/collation in Local to match Yoga,Umumnya beda COLLATE eksplisit vs default dump
table_option_diff,different,table_option,tbkmt_omset,,ENGINE=InnoDB DEFAULT CHARSET=utf8mb4 COLLATE=utf8mb4_general_ci,ENGINE=InnoDB DEFAULT CHARSET=utf8mb4,ALTER TABLE option/collation in Yoga to match local_bram,ALTER TABLE option/collation in Local to match Yoga,Umumnya beda COLLATE eksplisit vs default dump
table_option_diff,different,table_option,tbkmt_operasional,,ENGINE=InnoDB DEFAULT CHARSET=utf8mb4 COLLATE=utf8mb4_general_ci,ENGINE=InnoDB DEFAULT CHARSET=utf8mb4,ALTER TABLE option/collation in Yoga to match local_bram,ALTER TABLE option/collation in Local to match Yoga,Umumnya beda COLLATE eksplisit vs default dump
table_option_diff,different,table_option,tbkmt_operasional_verifikasi_log,,ENGINE=InnoDB DEFAULT CHARSET=utf8mb4 COLLATE=utf8mb4_general_ci COMMENT='Log riwayat verifikasi Operasional KMT CORN',ENGINE=InnoDB DEFAULT CHARSET=utf8mb4 COMMENT='Log riwayat verifikasi Operasional KMT CORN',ALTER TABLE option/collation in Yoga to match local_bram,ALTER TABLE option/collation in Local to match Yoga,Umumnya beda COLLATE eksplisit vs default dump
table_option_diff,different,table_option,tbkmt_others,,ENGINE=InnoDB DEFAULT CHARSET=utf8mb4 COLLATE=utf8mb4_general_ci,ENGINE=InnoDB DEFAULT CHARSET=utf8mb4,ALTER TABLE option/collation in Yoga to match local_bram,ALTER TABLE option/collation in Local to match Yoga,Umumnya beda COLLATE eksplisit vs default dump
table_option_diff,different,table_option,tbkmt_promo_material,,ENGINE=InnoDB DEFAULT CHARSET=utf8mb4 COLLATE=utf8mb4_general_ci,ENGINE=InnoDB DEFAULT CHARSET=utf8mb4,ALTER TABLE option/collation in Yoga to match local_bram,ALTER TABLE option/collation in Local to match Yoga,Umumnya beda COLLATE eksplisit vs default dump
table_option_diff,different,table_option,tbkmt_retur,,ENGINE=InnoDB DEFAULT CHARSET=utf8mb4 COLLATE=utf8mb4_general_ci,ENGINE=InnoDB DEFAULT CHARSET=utf8mb4,ALTER TABLE option/collation in Yoga to match local_bram,ALTER TABLE option/collation in Local to match Yoga,Umumnya beda COLLATE eksplisit vs default dump
table_option_diff,different,table_option,tbkmt_wilayah,,ENGINE=InnoDB DEFAULT CHARSET=utf8mb4 COLLATE=utf8mb4_general_ci,ENGINE=InnoDB DEFAULT CHARSET=utf8mb4,ALTER TABLE option/collation in Yoga to match local_bram,ALTER TABLE option/collation in Local to match Yoga,Umumnya beda COLLATE eksplisit vs default dump
table_option_diff,different,table_option,tbpo_akun_tr,,ENGINE=InnoDB DEFAULT CHARSET=utf8mb4 COLLATE=utf8mb4_general_ci,ENGINE=InnoDB DEFAULT CHARSET=utf8mb4,ALTER TABLE option/collation in Yoga to match local_bram,ALTER TABLE option/collation in Local to match Yoga,Umumnya beda COLLATE eksplisit vs default dump
index_missing,local_only,index,tbpo_akun_tr,ADD PRIMARY KEY (id_akun),ADD PRIMARY KEY (id_akun),,ADD INDEX/KEY to Yoga,DROP INDEX/KEY from Local,
auto_increment_missing,local_only,auto_increment,tbpo_akun_tr,MODIFY id_akun int(11) NOT NULL AUTO_INCREMENT,MODIFY id_akun int(11) NOT NULL AUTO_INCREMENT,,ADD AUTO_INCREMENT attr to Yoga,DROP AUTO_INCREMENT attr from Local,
table_option_diff,different,table_option,tbpo_barang,,ENGINE=InnoDB DEFAULT CHARSET=utf8mb4 COLLATE=utf8mb4_general_ci,ENGINE=InnoDB DEFAULT CHARSET=utf8mb4,ALTER TABLE option/collation in Yoga to match local_bram,ALTER TABLE option/collation in Local to match Yoga,Umumnya beda COLLATE eksplisit vs default dump
table_option_diff,different,table_option,tbpo_barang_nk,,ENGINE=InnoDB DEFAULT CHARSET=utf8mb4 COLLATE=utf8mb4_general_ci,ENGINE=InnoDB DEFAULT CHARSET=utf8mb4,ALTER TABLE option/collation in Yoga to match local_bram,ALTER TABLE option/collation in Local to match Yoga,Umumnya beda COLLATE eksplisit vs default dump
index_missing,local_only,index,tbpo_barang_nk,ADD KEY idx_barang_nk_kd_barang (kd_barang),ADD KEY idx_barang_nk_kd_barang (kd_barang),,ADD INDEX/KEY to Yoga,DROP INDEX/KEY from Local,
index_missing,local_only,index,tbpo_barang_nk,ADD KEY idx_barang_nk_kd_lokasi (kd_lokasi),ADD KEY idx_barang_nk_kd_lokasi (kd_lokasi),,ADD INDEX/KEY to Yoga,DROP INDEX/KEY from Local,
index_missing,local_only,index,tbpo_barang_nk,ADD PRIMARY KEY (id_brg_nk),ADD PRIMARY KEY (id_brg_nk),,ADD INDEX/KEY to Yoga,DROP INDEX/KEY from Local,
auto_increment_missing,local_only,auto_increment,tbpo_barang_nk,MODIFY id_brg_nk int(11) NOT NULL AUTO_INCREMENT,MODIFY id_brg_nk int(11) NOT NULL AUTO_INCREMENT,,ADD AUTO_INCREMENT attr to Yoga,DROP AUTO_INCREMENT attr from Local,
table_option_diff,different,table_option,tbpo_barang_nk_lokasi,,ENGINE=InnoDB DEFAULT CHARSET=utf8mb4 COLLATE=utf8mb4_general_ci,ENGINE=InnoDB DEFAULT CHARSET=utf8mb4,ALTER TABLE option/collation in Yoga to match local_bram,ALTER TABLE option/collation in Local to match Yoga,Umumnya beda COLLATE eksplisit vs default dump
index_missing,local_only,index,tbpo_barang_nk_lokasi,ADD PRIMARY KEY (id_lokasi),ADD PRIMARY KEY (id_lokasi),,ADD INDEX/KEY to Yoga,DROP INDEX/KEY from Local,
auto_increment_missing,local_only,auto_increment,tbpo_barang_nk_lokasi,MODIFY id_lokasi int(11) NOT NULL AUTO_INCREMENT,MODIFY id_lokasi int(11) NOT NULL AUTO_INCREMENT,,ADD AUTO_INCREMENT attr to Yoga,DROP AUTO_INCREMENT attr from Local,
table_option_diff,different,table_option,tbpo_barang_packaging,,ENGINE=InnoDB DEFAULT CHARSET=utf8mb4 COLLATE=utf8mb4_general_ci,ENGINE=InnoDB DEFAULT CHARSET=utf8mb4,ALTER TABLE option/collation in Yoga to match local_bram,ALTER TABLE option/collation in Local to match Yoga,Umumnya beda COLLATE eksplisit vs default dump
index_missing,local_only,index,tbpo_barang_packaging,ADD PRIMARY KEY (id_packaging),ADD PRIMARY KEY (id_packaging),,ADD INDEX/KEY to Yoga,DROP INDEX/KEY from Local,
auto_increment_missing,local_only,auto_increment,tbpo_barang_packaging,MODIFY id_packaging int(11) NOT NULL AUTO_INCREMENT,MODIFY id_packaging int(11) NOT NULL AUTO_INCREMENT,,ADD AUTO_INCREMENT attr to Yoga,DROP AUTO_INCREMENT attr from Local,
table_option_diff,different,table_option,tbpo_detail_po,,ENGINE=InnoDB DEFAULT CHARSET=utf8mb4 COLLATE=utf8mb4_general_ci,ENGINE=InnoDB DEFAULT CHARSET=utf8mb4,ALTER TABLE option/collation in Yoga to match local_bram,ALTER TABLE option/collation in Local to match Yoga,Umumnya beda COLLATE eksplisit vs default dump
index_missing,local_only,index,tbpo_detail_po,ADD PRIMARY KEY (id_det_po),ADD PRIMARY KEY (id_det_po),,ADD INDEX/KEY to Yoga,DROP INDEX/KEY from Local,
auto_increment_missing,local_only,auto_increment,tbpo_detail_po,MODIFY id_det_po int(11) NOT NULL AUTO_INCREMENT,MODIFY id_det_po int(11) NOT NULL AUTO_INCREMENT,,ADD AUTO_INCREMENT attr to Yoga,DROP AUTO_INCREMENT attr from Local,
table_option_diff,different,table_option,tbpo_detail_po_nk,,ENGINE=InnoDB DEFAULT CHARSET=utf8mb4 COLLATE=utf8mb4_general_ci,ENGINE=InnoDB DEFAULT CHARSET=utf8mb4,ALTER TABLE option/collation in Yoga to match local_bram,ALTER TABLE option/collation in Local to match Yoga,Umumnya beda COLLATE eksplisit vs default dump
index_missing,local_only,index,tbpo_detail_po_nk,ADD PRIMARY KEY (id_det_po_nk),ADD PRIMARY KEY (id_det_po_nk),,ADD INDEX/KEY to Yoga,DROP INDEX/KEY from Local,
auto_increment_missing,local_only,auto_increment,tbpo_detail_po_nk,MODIFY id_det_po_nk int(11) NOT NULL AUTO_INCREMENT,MODIFY id_det_po_nk int(11) NOT NULL AUTO_INCREMENT,,ADD AUTO_INCREMENT attr to Yoga,DROP AUTO_INCREMENT attr from Local,
table_option_diff,different,table_option,tbpo_detail_req,,ENGINE=InnoDB DEFAULT CHARSET=utf8mb4 COLLATE=utf8mb4_general_ci,ENGINE=InnoDB DEFAULT CHARSET=utf8mb4,ALTER TABLE option/collation in Yoga to match local_bram,ALTER TABLE option/collation in Local to match Yoga,Umumnya beda COLLATE eksplisit vs default dump
index_missing,local_only,index,tbpo_detail_req,ADD PRIMARY KEY (id_det_po_nk),ADD PRIMARY KEY (id_det_po_nk),,ADD INDEX/KEY to Yoga,DROP INDEX/KEY from Local,
auto_increment_missing,local_only,auto_increment,tbpo_detail_req,MODIFY id_det_po_nk int(11) NOT NULL AUTO_INCREMENT,MODIFY id_det_po_nk int(11) NOT NULL AUTO_INCREMENT,,ADD AUTO_INCREMENT attr to Yoga,DROP AUTO_INCREMENT attr from Local,
table_option_diff,different,table_option,tbpo_diskon,,ENGINE=InnoDB DEFAULT CHARSET=utf8mb4 COLLATE=utf8mb4_general_ci,ENGINE=InnoDB DEFAULT CHARSET=utf8mb4,ALTER TABLE option/collation in Yoga to match local_bram,ALTER TABLE option/collation in Local to match Yoga,Umumnya beda COLLATE eksplisit vs default dump
index_missing,local_only,index,tbpo_diskon,ADD PRIMARY KEY (id_diskon),ADD PRIMARY KEY (id_diskon),,ADD INDEX/KEY to Yoga,DROP INDEX/KEY from Local,
auto_increment_missing,local_only,auto_increment,tbpo_diskon,MODIFY id_diskon int(11) NOT NULL AUTO_INCREMENT,MODIFY id_diskon int(11) NOT NULL AUTO_INCREMENT,,ADD AUTO_INCREMENT attr to Yoga,DROP AUTO_INCREMENT attr from Local,
table_option_diff,different,table_option,tbpo_diskon_merk,,ENGINE=InnoDB DEFAULT CHARSET=utf8mb4 COLLATE=utf8mb4_general_ci,ENGINE=InnoDB DEFAULT CHARSET=utf8mb4,ALTER TABLE option/collation in Yoga to match local_bram,ALTER TABLE option/collation in Local to match Yoga,Umumnya beda COLLATE eksplisit vs default dump
index_missing,local_only,index,tbpo_diskon_merk,ADD KEY idx_merk_barang (merk_barang),ADD KEY idx_merk_barang (merk_barang),,ADD INDEX/KEY to Yoga,DROP INDEX/KEY from Local,
index_missing,local_only,index,tbpo_diskon_merk,ADD KEY idx_no_po (no_po),ADD KEY idx_no_po (no_po),,ADD INDEX/KEY to Yoga,DROP INDEX/KEY from Local,
index_missing,local_only,index,tbpo_diskon_merk,ADD PRIMARY KEY (id_diskon),ADD PRIMARY KEY (id_diskon),,ADD INDEX/KEY to Yoga,DROP INDEX/KEY from Local,
auto_increment_missing,local_only,auto_increment,tbpo_diskon_merk,MODIFY id_diskon int(11) NOT NULL AUTO_INCREMENT,MODIFY id_diskon int(11) NOT NULL AUTO_INCREMENT,,ADD AUTO_INCREMENT attr to Yoga,DROP AUTO_INCREMENT attr from Local,
table_option_diff,different,table_option,tbpo_file_bukti_beli,,ENGINE=InnoDB DEFAULT CHARSET=utf8mb4 COLLATE=utf8mb4_general_ci,ENGINE=InnoDB DEFAULT CHARSET=utf8mb4,ALTER TABLE option/collation in Yoga to match local_bram,ALTER TABLE option/collation in Local to match Yoga,Umumnya beda COLLATE eksplisit vs default dump
index_missing,local_only,index,tbpo_file_bukti_beli,ADD PRIMARY KEY (id_fk_bukti),ADD PRIMARY KEY (id_fk_bukti),,ADD INDEX/KEY to Yoga,DROP INDEX/KEY from Local,
auto_increment_missing,local_only,auto_increment,tbpo_file_bukti_beli,MODIFY id_fk_bukti int(11) NOT NULL AUTO_INCREMENT,MODIFY id_fk_bukti int(11) NOT NULL AUTO_INCREMENT,,ADD AUTO_INCREMENT attr to Yoga,DROP AUTO_INCREMENT attr from Local,
table_option_diff,different,table_option,tbpo_file_nk,,ENGINE=InnoDB DEFAULT CHARSET=utf8mb4 COLLATE=utf8mb4_general_ci,ENGINE=InnoDB DEFAULT CHARSET=utf8mb4,ALTER TABLE option/collation in Yoga to match local_bram,ALTER TABLE option/collation in Local to match Yoga,Umumnya beda COLLATE eksplisit vs default dump
index_missing,local_only,index,tbpo_file_nk,ADD PRIMARY KEY (id_file_nk),ADD PRIMARY KEY (id_file_nk),,ADD INDEX/KEY to Yoga,DROP INDEX/KEY from Local,
auto_increment_missing,local_only,auto_increment,tbpo_file_nk,MODIFY id_file_nk int(11) NOT NULL AUTO_INCREMENT,MODIFY id_file_nk int(11) NOT NULL AUTO_INCREMENT,,ADD AUTO_INCREMENT attr to Yoga,DROP AUTO_INCREMENT attr from Local,
table_option_diff,different,table_option,tbpo_formula,,ENGINE=InnoDB DEFAULT CHARSET=utf8mb4 COLLATE=utf8mb4_general_ci,ENGINE=InnoDB DEFAULT CHARSET=utf8mb4,ALTER TABLE option/collation in Yoga to match local_bram,ALTER TABLE option/collation in Local to match Yoga,Umumnya beda COLLATE eksplisit vs default dump
index_missing,local_only,index,tbpo_formula,ADD PRIMARY KEY (id_formula),ADD PRIMARY KEY (id_formula),,ADD INDEX/KEY to Yoga,DROP INDEX/KEY from Local,
index_missing,local_only,index,tbpo_formula,ADD UNIQUE KEY kode_formula (kode_formula),ADD UNIQUE KEY kode_formula (kode_formula),,ADD INDEX/KEY to Yoga,DROP INDEX/KEY from Local,
auto_increment_missing,local_only,auto_increment,tbpo_formula,MODIFY id_formula int(11) NOT NULL AUTO_INCREMENT,MODIFY id_formula int(11) NOT NULL AUTO_INCREMENT,,ADD AUTO_INCREMENT attr to Yoga,DROP AUTO_INCREMENT attr from Local,
table_option_diff,different,table_option,tbpo_formula_result,,ENGINE=InnoDB DEFAULT CHARSET=utf8mb4 COLLATE=utf8mb4_general_ci,ENGINE=InnoDB DEFAULT CHARSET=utf8mb4,ALTER TABLE option/collation in Yoga to match local_bram,ALTER TABLE option/collation in Local to match Yoga,Umumnya beda COLLATE eksplisit vs default dump
index_missing,local_only,index,tbpo_formula_result,ADD KEY id_formula (id_formula),ADD KEY id_formula (id_formula),,ADD INDEX/KEY to Yoga,DROP INDEX/KEY from Local,
index_missing,local_only,index,tbpo_formula_result,ADD PRIMARY KEY (id_result),ADD PRIMARY KEY (id_result),,ADD INDEX/KEY to Yoga,DROP INDEX/KEY from Local,
fk_missing,local_only,foreign_key,tbpo_formula_result,ADD CONSTRAINT tbpo_formula_result_ibfk_1 FOREIGN KEY (id_formula) REFERENCES tbpo_formula (id_formula),ADD CONSTRAINT tbpo_formula_result_ibfk_1 FOREIGN KEY (id_formula) REFERENCES tbpo_formula (id_formula),,ADD FOREIGN KEY to Yoga,DROP FOREIGN KEY from Local,
auto_increment_missing,local_only,auto_increment,tbpo_formula_result,MODIFY id_result int(11) NOT NULL AUTO_INCREMENT,MODIFY id_result int(11) NOT NULL AUTO_INCREMENT,,ADD AUTO_INCREMENT attr to Yoga,DROP AUTO_INCREMENT attr from Local,
table_option_diff,different,table_option,tbpo_formula_variable,,ENGINE=InnoDB DEFAULT CHARSET=utf8mb4 COLLATE=utf8mb4_general_ci,ENGINE=InnoDB DEFAULT CHARSET=utf8mb4,ALTER TABLE option/collation in Yoga to match local_bram,ALTER TABLE option/collation in Local to match Yoga,Umumnya beda COLLATE eksplisit vs default dump
index_missing,local_only,index,tbpo_formula_variable,ADD KEY id_formula (id_formula),ADD KEY id_formula (id_formula),,ADD INDEX/KEY to Yoga,DROP INDEX/KEY from Local,
index_missing,local_only,index,tbpo_formula_variable,ADD PRIMARY KEY (id_variable),ADD PRIMARY KEY (id_variable),,ADD INDEX/KEY to Yoga,DROP INDEX/KEY from Local,
fk_missing,local_only,foreign_key,tbpo_formula_variable,ADD CONSTRAINT tbpo_formula_variable_ibfk_1 FOREIGN KEY (id_formula) REFERENCES tbpo_formula (id_formula) ON DELETE CASCADE,ADD CONSTRAINT tbpo_formula_variable_ibfk_1 FOREIGN KEY (id_formula) REFERENCES tbpo_formula (id_formula) ON DELETE CASCADE,,ADD FOREIGN KEY to Yoga,DROP FOREIGN KEY from Local,
auto_increment_missing,local_only,auto_increment,tbpo_formula_variable,MODIFY id_variable int(11) NOT NULL AUTO_INCREMENT,MODIFY id_variable int(11) NOT NULL AUTO_INCREMENT,,ADD AUTO_INCREMENT attr to Yoga,DROP AUTO_INCREMENT attr from Local,
table_option_diff,different,table_option,tbpo_generate_kd,,ENGINE=InnoDB DEFAULT CHARSET=utf8mb4 COLLATE=utf8mb4_general_ci,ENGINE=InnoDB DEFAULT CHARSET=utf8mb4,ALTER TABLE option/collation in Yoga to match local_bram,ALTER TABLE option/collation in Local to match Yoga,Umumnya beda COLLATE eksplisit vs default dump
index_missing,local_only,index,tbpo_generate_kd,ADD PRIMARY KEY (id),ADD PRIMARY KEY (id),,ADD INDEX/KEY to Yoga,DROP INDEX/KEY from Local,
auto_increment_missing,local_only,auto_increment,tbpo_generate_kd,MODIFY id int(11) NOT NULL AUTO_INCREMENT,MODIFY id int(11) NOT NULL AUTO_INCREMENT,,ADD AUTO_INCREMENT attr to Yoga,DROP AUTO_INCREMENT attr from Local,
table_option_diff,different,table_option,tbpo_generate_kd_ponk,,ENGINE=InnoDB DEFAULT CHARSET=utf8mb4 COLLATE=utf8mb4_general_ci,ENGINE=InnoDB DEFAULT CHARSET=utf8mb4,ALTER TABLE option/collation in Yoga to match local_bram,ALTER TABLE option/collation in Local to match Yoga,Umumnya beda COLLATE eksplisit vs default dump
index_missing,local_only,index,tbpo_generate_kd_ponk,ADD PRIMARY KEY (id),ADD PRIMARY KEY (id),,ADD INDEX/KEY to Yoga,DROP INDEX/KEY from Local,
auto_increment_missing,local_only,auto_increment,tbpo_generate_kd_ponk,MODIFY id int(11) NOT NULL AUTO_INCREMENT,MODIFY id int(11) NOT NULL AUTO_INCREMENT,,ADD AUTO_INCREMENT attr to Yoga,DROP AUTO_INCREMENT attr from Local,
table_option_diff,different,table_option,tbpo_generateqrcode,,ENGINE=InnoDB DEFAULT CHARSET=utf8mb4 COLLATE=utf8mb4_general_ci,ENGINE=InnoDB DEFAULT CHARSET=utf8mb4,ALTER TABLE option/collation in Yoga to match local_bram,ALTER TABLE option/collation in Local to match Yoga,Umumnya beda COLLATE eksplisit vs default dump
index_missing,local_only,index,tbpo_generateqrcode,ADD PRIMARY KEY (id_gqrcode),ADD PRIMARY KEY (id_gqrcode),,ADD INDEX/KEY to Yoga,DROP INDEX/KEY from Local,
auto_increment_missing,local_only,auto_increment,tbpo_generateqrcode,MODIFY id_gqrcode int(11) NOT NULL AUTO_INCREMENT,MODIFY id_gqrcode int(11) NOT NULL AUTO_INCREMENT,,ADD AUTO_INCREMENT attr to Yoga,DROP AUTO_INCREMENT attr from Local,
table_option_diff,different,table_option,tbpo_kat_br,,ENGINE=InnoDB DEFAULT CHARSET=utf8mb4 COLLATE=utf8mb4_general_ci,ENGINE=InnoDB DEFAULT CHARSET=utf8mb4,ALTER TABLE option/collation in Yoga to match local_bram,ALTER TABLE option/collation in Local to match Yoga,Umumnya beda COLLATE eksplisit vs default dump
index_missing,local_only,index,tbpo_kat_br,ADD PRIMARY KEY (id_kat_br),ADD PRIMARY KEY (id_kat_br),,ADD INDEX/KEY to Yoga,DROP INDEX/KEY from Local,
auto_increment_missing,local_only,auto_increment,tbpo_kat_br,MODIFY id_kat_br int(11) NOT NULL AUTO_INCREMENT,MODIFY id_kat_br int(11) NOT NULL AUTO_INCREMENT,,ADD AUTO_INCREMENT attr to Yoga,DROP AUTO_INCREMENT attr from Local,
table_option_diff,different,table_option,tbpo_note_barang,,ENGINE=InnoDB DEFAULT CHARSET=utf8mb4 COLLATE=utf8mb4_general_ci,ENGINE=InnoDB DEFAULT CHARSET=utf8mb4,ALTER TABLE option/collation in Yoga to match local_bram,ALTER TABLE option/collation in Local to match Yoga,Umumnya beda COLLATE eksplisit vs default dump
index_missing,local_only,index,tbpo_note_barang,ADD PRIMARY KEY (id_nt_barang),ADD PRIMARY KEY (id_nt_barang),,ADD INDEX/KEY to Yoga,DROP INDEX/KEY from Local,
auto_increment_missing,local_only,auto_increment,tbpo_note_barang,MODIFY id_nt_barang int(25) NOT NULL AUTO_INCREMENT,MODIFY id_nt_barang int(25) NOT NULL AUTO_INCREMENT,,ADD AUTO_INCREMENT attr to Yoga,DROP AUTO_INCREMENT attr from Local,
table_option_diff,different,table_option,tbpo_note_direktur,,ENGINE=InnoDB DEFAULT CHARSET=utf8mb4 COLLATE=utf8mb4_general_ci,ENGINE=InnoDB DEFAULT CHARSET=utf8mb4,ALTER TABLE option/collation in Yoga to match local_bram,ALTER TABLE option/collation in Local to match Yoga,Umumnya beda COLLATE eksplisit vs default dump
index_missing,local_only,index,tbpo_note_direktur,ADD PRIMARY KEY (id_note),ADD PRIMARY KEY (id_note),,ADD INDEX/KEY to Yoga,DROP INDEX/KEY from Local,
auto_increment_missing,local_only,auto_increment,tbpo_note_direktur,MODIFY id_note int(11) NOT NULL AUTO_INCREMENT,MODIFY id_note int(11) NOT NULL AUTO_INCREMENT,,ADD AUTO_INCREMENT attr to Yoga,DROP AUTO_INCREMENT attr from Local,
table_option_diff,different,table_option,tbpo_note_pembelian,,ENGINE=InnoDB DEFAULT CHARSET=utf8mb4 COLLATE=utf8mb4_general_ci,ENGINE=InnoDB DEFAULT CHARSET=utf8mb4,ALTER TABLE option/collation in Yoga to match local_bram,ALTER TABLE option/collation in Local to match Yoga,Umumnya beda COLLATE eksplisit vs default dump
index_missing,local_only,index,tbpo_note_pembelian,ADD PRIMARY KEY (id_nt_pembelian),ADD PRIMARY KEY (id_nt_pembelian),,ADD INDEX/KEY to Yoga,DROP INDEX/KEY from Local,
auto_increment_missing,local_only,auto_increment,tbpo_note_pembelian,MODIFY id_nt_pembelian int(11) NOT NULL AUTO_INCREMENT,MODIFY id_nt_pembelian int(11) NOT NULL AUTO_INCREMENT,,ADD AUTO_INCREMENT attr to Yoga,DROP AUTO_INCREMENT attr from Local,
table_option_diff,different,table_option,tbpo_notetemplate,,ENGINE=InnoDB DEFAULT CHARSET=utf8mb4 COLLATE=utf8mb4_general_ci,ENGINE=InnoDB DEFAULT CHARSET=utf8mb4,ALTER TABLE option/collation in Yoga to match local_bram,ALTER TABLE option/collation in Local to match Yoga,Umumnya beda COLLATE eksplisit vs default dump
index_missing,local_only,index,tbpo_notetemplate,ADD PRIMARY KEY (id_nt_template),ADD PRIMARY KEY (id_nt_template),,ADD INDEX/KEY to Yoga,DROP INDEX/KEY from Local,
auto_increment_missing,local_only,auto_increment,tbpo_notetemplate,MODIFY id_nt_template int(12) NOT NULL AUTO_INCREMENT,MODIFY id_nt_template int(12) NOT NULL AUTO_INCREMENT,,ADD AUTO_INCREMENT attr to Yoga,DROP AUTO_INCREMENT attr from Local,
table_option_diff,different,table_option,tbpo_nt_tmp_pembelian,,ENGINE=InnoDB DEFAULT CHARSET=utf8mb4 COLLATE=utf8mb4_general_ci,ENGINE=InnoDB DEFAULT CHARSET=utf8mb4,ALTER TABLE option/collation in Yoga to match local_bram,ALTER TABLE option/collation in Local to match Yoga,Umumnya beda COLLATE eksplisit vs default dump
index_missing,local_only,index,tbpo_nt_tmp_pembelian,ADD PRIMARY KEY (id_tmp_nt_pembelian),ADD PRIMARY KEY (id_tmp_nt_pembelian),,ADD INDEX/KEY to Yoga,DROP INDEX/KEY from Local,
auto_increment_missing,local_only,auto_increment,tbpo_nt_tmp_pembelian,MODIFY id_tmp_nt_pembelian int(12) NOT NULL AUTO_INCREMENT,MODIFY id_tmp_nt_pembelian int(12) NOT NULL AUTO_INCREMENT,,ADD AUTO_INCREMENT attr to Yoga,DROP AUTO_INCREMENT attr from Local,
table_option_diff,different,table_option,tbpo_po,,ENGINE=InnoDB DEFAULT CHARSET=utf8mb4 COLLATE=utf8mb4_general_ci,ENGINE=InnoDB DEFAULT CHARSET=utf8mb4,ALTER TABLE option/collation in Yoga to match local_bram,ALTER TABLE option/collation in Local to match Yoga,Umumnya beda COLLATE eksplisit vs default dump
index_missing,local_only,index,tbpo_po,ADD PRIMARY KEY (id_po),ADD PRIMARY KEY (id_po),,ADD INDEX/KEY to Yoga,DROP INDEX/KEY from Local,
auto_increment_missing,local_only,auto_increment,tbpo_po,MODIFY id_po int(11) NOT NULL AUTO_INCREMENT,MODIFY id_po int(11) NOT NULL AUTO_INCREMENT,,ADD AUTO_INCREMENT attr to Yoga,DROP AUTO_INCREMENT attr from Local,
table_option_diff,different,table_option,tbpo_po_nk,,ENGINE=InnoDB DEFAULT CHARSET=utf8mb4 COLLATE=utf8mb4_general_ci,ENGINE=InnoDB DEFAULT CHARSET=utf8mb4,ALTER TABLE option/collation in Yoga to match local_bram,ALTER TABLE option/collation in Local to match Yoga,Umumnya beda COLLATE eksplisit vs default dump
index_missing,local_only,index,tbpo_po_nk,ADD PRIMARY KEY (id_po_nk),ADD PRIMARY KEY (id_po_nk),,ADD INDEX/KEY to Yoga,DROP INDEX/KEY from Local,
auto_increment_missing,local_only,auto_increment,tbpo_po_nk,MODIFY id_po_nk int(12) NOT NULL AUTO_INCREMENT,MODIFY id_po_nk int(12) NOT NULL AUTO_INCREMENT,,ADD AUTO_INCREMENT attr to Yoga,DROP AUTO_INCREMENT attr from Local,
table_option_diff,different,table_option,tbpo_ratings,,ENGINE=InnoDB DEFAULT CHARSET=utf8mb4 COLLATE=utf8mb4_general_ci,ENGINE=InnoDB DEFAULT CHARSET=utf8mb4,ALTER TABLE option/collation in Yoga to match local_bram,ALTER TABLE option/collation in Local to match Yoga,Umumnya beda COLLATE eksplisit vs default dump
index_missing,local_only,index,tbpo_ratings,ADD PRIMARY KEY (id_rating),ADD PRIMARY KEY (id_rating),,ADD INDEX/KEY to Yoga,DROP INDEX/KEY from Local,
auto_increment_missing,local_only,auto_increment,tbpo_ratings,MODIFY id_rating int(11) NOT NULL AUTO_INCREMENT,MODIFY id_rating int(11) NOT NULL AUTO_INCREMENT,,ADD AUTO_INCREMENT attr to Yoga,DROP AUTO_INCREMENT attr from Local,
table_option_diff,different,table_option,tbpo_req_masterbarang,,ENGINE=InnoDB DEFAULT CHARSET=utf8mb4 COLLATE=utf8mb4_general_ci,ENGINE=InnoDB DEFAULT CHARSET=utf8mb4,ALTER TABLE option/collation in Yoga to match local_bram,ALTER TABLE option/collation in Local to match Yoga,Umumnya beda COLLATE eksplisit vs default dump
index_missing,local_only,index,tbpo_req_masterbarang,ADD PRIMARY KEY (id_reqmbarang),ADD PRIMARY KEY (id_reqmbarang),,ADD INDEX/KEY to Yoga,DROP INDEX/KEY from Local,
auto_increment_missing,local_only,auto_increment,tbpo_req_masterbarang,MODIFY id_reqmbarang int(11) NOT NULL AUTO_INCREMENT,MODIFY id_reqmbarang int(11) NOT NULL AUTO_INCREMENT,,ADD AUTO_INCREMENT attr to Yoga,DROP AUTO_INCREMENT attr from Local,
table_option_diff,different,table_option,tbpo_req_nk,,ENGINE=InnoDB DEFAULT CHARSET=utf8mb4 COLLATE=utf8mb4_general_ci,ENGINE=InnoDB DEFAULT CHARSET=utf8mb4,ALTER TABLE option/collation in Yoga to match local_bram,ALTER TABLE option/collation in Local to match Yoga,Umumnya beda COLLATE eksplisit vs default dump
index_missing,local_only,index,tbpo_req_nk,ADD PRIMARY KEY (id_po_nk),ADD PRIMARY KEY (id_po_nk),,ADD INDEX/KEY to Yoga,DROP INDEX/KEY from Local,
auto_increment_missing,local_only,auto_increment,tbpo_req_nk,MODIFY id_po_nk int(12) NOT NULL AUTO_INCREMENT,MODIFY id_po_nk int(12) NOT NULL AUTO_INCREMENT,,ADD AUTO_INCREMENT attr to Yoga,DROP AUTO_INCREMENT attr from Local,
table_option_diff,different,table_option,tbpo_satuan,,ENGINE=InnoDB DEFAULT CHARSET=utf8mb4 COLLATE=utf8mb4_general_ci,ENGINE=InnoDB DEFAULT CHARSET=utf8mb4,ALTER TABLE option/collation in Yoga to match local_bram,ALTER TABLE option/collation in Local to match Yoga,Umumnya beda COLLATE eksplisit vs default dump
index_missing,local_only,index,tbpo_satuan,ADD PRIMARY KEY (id_satuan),ADD PRIMARY KEY (id_satuan),,ADD INDEX/KEY to Yoga,DROP INDEX/KEY from Local,
auto_increment_missing,local_only,auto_increment,tbpo_satuan,MODIFY id_satuan int(5) NOT NULL AUTO_INCREMENT,MODIFY id_satuan int(5) NOT NULL AUTO_INCREMENT,,ADD AUTO_INCREMENT attr to Yoga,DROP AUTO_INCREMENT attr from Local,
table_option_diff,different,table_option,tbpo_set_note,,ENGINE=InnoDB DEFAULT CHARSET=utf8mb4 COLLATE=utf8mb4_general_ci,ENGINE=InnoDB DEFAULT CHARSET=utf8mb4,ALTER TABLE option/collation in Yoga to match local_bram,ALTER TABLE option/collation in Local to match Yoga,Umumnya beda COLLATE eksplisit vs default dump
index_missing,local_only,index,tbpo_set_note,ADD PRIMARY KEY (id_set_note),ADD PRIMARY KEY (id_set_note),,ADD INDEX/KEY to Yoga,DROP INDEX/KEY from Local,
auto_increment_missing,local_only,auto_increment,tbpo_set_note,MODIFY id_set_note int(5) NOT NULL AUTO_INCREMENT,MODIFY id_set_note int(5) NOT NULL AUTO_INCREMENT,,ADD AUTO_INCREMENT attr to Yoga,DROP AUTO_INCREMENT attr from Local,
table_option_diff,different,table_option,tbpo_set_tax,,ENGINE=InnoDB DEFAULT CHARSET=utf8mb4 COLLATE=utf8mb4_general_ci,ENGINE=InnoDB DEFAULT CHARSET=utf8mb4,ALTER TABLE option/collation in Yoga to match local_bram,ALTER TABLE option/collation in Local to match Yoga,Umumnya beda COLLATE eksplisit vs default dump
index_missing,local_only,index,tbpo_set_tax,ADD PRIMARY KEY (id_tax),ADD PRIMARY KEY (id_tax),,ADD INDEX/KEY to Yoga,DROP INDEX/KEY from Local,
auto_increment_missing,local_only,auto_increment,tbpo_set_tax,MODIFY id_tax int(5) NOT NULL AUTO_INCREMENT,MODIFY id_tax int(5) NOT NULL AUTO_INCREMENT,,ADD AUTO_INCREMENT attr to Yoga,DROP AUTO_INCREMENT attr from Local,
table_option_diff,different,table_option,tbpo_sosialisasi,,ENGINE=InnoDB DEFAULT CHARSET=utf8mb4 COLLATE=utf8mb4_general_ci,ENGINE=InnoDB DEFAULT CHARSET=utf8mb4,ALTER TABLE option/collation in Yoga to match local_bram,ALTER TABLE option/collation in Local to match Yoga,Umumnya beda COLLATE eksplisit vs default dump
index_missing,local_only,index,tbpo_sosialisasi,ADD PRIMARY KEY (id),ADD PRIMARY KEY (id),,ADD INDEX/KEY to Yoga,DROP INDEX/KEY from Local,
auto_increment_missing,local_only,auto_increment,tbpo_sosialisasi,MODIFY id int(11) NOT NULL AUTO_INCREMENT,MODIFY id int(11) NOT NULL AUTO_INCREMENT,,ADD AUTO_INCREMENT attr to Yoga,DROP AUTO_INCREMENT attr from Local,
table_option_diff,different,table_option,tbpo_suplier,,ENGINE=InnoDB DEFAULT CHARSET=utf8mb4 COLLATE=utf8mb4_general_ci,ENGINE=InnoDB DEFAULT CHARSET=utf8mb4,ALTER TABLE option/collation in Yoga to match local_bram,ALTER TABLE option/collation in Local to match Yoga,Umumnya beda COLLATE eksplisit vs default dump
index_missing,local_only,index,tbpo_suplier,ADD PRIMARY KEY (id_suplier),ADD PRIMARY KEY (id_suplier),,ADD INDEX/KEY to Yoga,DROP INDEX/KEY from Local,
auto_increment_missing,local_only,auto_increment,tbpo_suplier,MODIFY id_suplier int(11) NOT NULL AUTO_INCREMENT,MODIFY id_suplier int(11) NOT NULL AUTO_INCREMENT,,ADD AUTO_INCREMENT attr to Yoga,DROP AUTO_INCREMENT attr from Local,
table_option_diff,different,table_option,tbpo_tmp_diskon,,ENGINE=InnoDB DEFAULT CHARSET=utf8mb4 COLLATE=utf8mb4_general_ci,ENGINE=InnoDB DEFAULT CHARSET=utf8mb4,ALTER TABLE option/collation in Yoga to match local_bram,ALTER TABLE option/collation in Local to match Yoga,Umumnya beda COLLATE eksplisit vs default dump
index_missing,local_only,index,tbpo_tmp_diskon,ADD PRIMARY KEY (id_tmp_diskon),ADD PRIMARY KEY (id_tmp_diskon),,ADD INDEX/KEY to Yoga,DROP INDEX/KEY from Local,
auto_increment_missing,local_only,auto_increment,tbpo_tmp_diskon,MODIFY id_tmp_diskon int(11) NOT NULL AUTO_INCREMENT,MODIFY id_tmp_diskon int(11) NOT NULL AUTO_INCREMENT,,ADD AUTO_INCREMENT attr to Yoga,DROP AUTO_INCREMENT attr from Local,
table_option_diff,different,table_option,tbpo_tmp_item,,ENGINE=InnoDB DEFAULT CHARSET=utf8mb4 COLLATE=utf8mb4_general_ci,ENGINE=InnoDB DEFAULT CHARSET=utf8mb4,ALTER TABLE option/collation in Yoga to match local_bram,ALTER TABLE option/collation in Local to match Yoga,Umumnya beda COLLATE eksplisit vs default dump
index_missing,local_only,index,tbpo_tmp_item,ADD PRIMARY KEY (id_tmp),ADD PRIMARY KEY (id_tmp),,ADD INDEX/KEY to Yoga,DROP INDEX/KEY from Local,
auto_increment_missing,local_only,auto_increment,tbpo_tmp_item,MODIFY id_tmp int(11) NOT NULL AUTO_INCREMENT,MODIFY id_tmp int(11) NOT NULL AUTO_INCREMENT,,ADD AUTO_INCREMENT attr to Yoga,DROP AUTO_INCREMENT attr from Local,
table_option_diff,different,table_option,tbpo_tmp_item_nk,,ENGINE=InnoDB DEFAULT CHARSET=utf8mb4 COLLATE=utf8mb4_general_ci,ENGINE=InnoDB DEFAULT CHARSET=utf8mb4,ALTER TABLE option/collation in Yoga to match local_bram,ALTER TABLE option/collation in Local to match Yoga,Umumnya beda COLLATE eksplisit vs default dump
index_missing,local_only,index,tbpo_tmp_item_nk,ADD PRIMARY KEY (id_tmp_nk),ADD PRIMARY KEY (id_tmp_nk),,ADD INDEX/KEY to Yoga,DROP INDEX/KEY from Local,
auto_increment_missing,local_only,auto_increment,tbpo_tmp_item_nk,MODIFY id_tmp_nk int(11) NOT NULL AUTO_INCREMENT,MODIFY id_tmp_nk int(11) NOT NULL AUTO_INCREMENT,,ADD AUTO_INCREMENT attr to Yoga,DROP AUTO_INCREMENT attr from Local,
table_option_diff,different,table_option,tbpo_tmp_note_barang,,ENGINE=InnoDB DEFAULT CHARSET=utf8mb4 COLLATE=utf8mb4_general_ci,ENGINE=InnoDB DEFAULT CHARSET=utf8mb4,ALTER TABLE option/collation in Yoga to match local_bram,ALTER TABLE option/collation in Local to match Yoga,Umumnya beda COLLATE eksplisit vs default dump
index_missing,local_only,index,tbpo_tmp_note_barang,ADD PRIMARY KEY (id_nt_tmp_barang),ADD PRIMARY KEY (id_nt_tmp_barang),,ADD INDEX/KEY to Yoga,DROP INDEX/KEY from Local,
auto_increment_missing,local_only,auto_increment,tbpo_tmp_note_barang,MODIFY id_nt_tmp_barang int(11) NOT NULL AUTO_INCREMENT,MODIFY id_nt_tmp_barang int(11) NOT NULL AUTO_INCREMENT,,ADD AUTO_INCREMENT attr to Yoga,DROP AUTO_INCREMENT attr from Local,
table_option_diff,different,table_option,tbpo_tmp_tax,,ENGINE=InnoDB DEFAULT CHARSET=latin1 COLLATE=latin1_swedish_ci,ENGINE=InnoDB DEFAULT CHARSET=latin1,ALTER TABLE option/collation in Yoga to match local_bram,ALTER TABLE option/collation in Local to match Yoga,Umumnya beda COLLATE eksplisit vs default dump
index_missing,local_only,index,tbpo_tmp_tax,ADD PRIMARY KEY (id_tmp_tax),ADD PRIMARY KEY (id_tmp_tax),,ADD INDEX/KEY to Yoga,DROP INDEX/KEY from Local,
auto_increment_missing,local_only,auto_increment,tbpo_tmp_tax,MODIFY id_tmp_tax int(11) NOT NULL AUTO_INCREMENT,MODIFY id_tmp_tax int(11) NOT NULL AUTO_INCREMENT,,ADD AUTO_INCREMENT attr to Yoga,DROP AUTO_INCREMENT attr from Local,
table_option_diff,different,table_option,tbpo_tracking_po,,ENGINE=InnoDB DEFAULT CHARSET=utf8mb4 COLLATE=utf8mb4_general_ci,ENGINE=InnoDB DEFAULT CHARSET=utf8mb4,ALTER TABLE option/collation in Yoga to match local_bram,ALTER TABLE option/collation in Local to match Yoga,Umumnya beda COLLATE eksplisit vs default dump
index_missing,local_only,index,tbpo_tracking_po,ADD PRIMARY KEY (id_po_tracking),ADD PRIMARY KEY (id_po_tracking),,ADD INDEX/KEY to Yoga,DROP INDEX/KEY from Local,
auto_increment_missing,local_only,auto_increment,tbpo_tracking_po,MODIFY id_po_tracking int(11) NOT NULL AUTO_INCREMENT,MODIFY id_po_tracking int(11) NOT NULL AUTO_INCREMENT,,ADD AUTO_INCREMENT attr to Yoga,DROP AUTO_INCREMENT attr from Local,
table_option_diff,different,table_option,tbpo_transaksi,,ENGINE=InnoDB DEFAULT CHARSET=utf8mb4 COLLATE=utf8mb4_general_ci,ENGINE=InnoDB DEFAULT CHARSET=utf8mb4,ALTER TABLE option/collation in Yoga to match local_bram,ALTER TABLE option/collation in Local to match Yoga,Umumnya beda COLLATE eksplisit vs default dump
index_missing,local_only,index,tbpo_transaksi,"ADD KEY idx_transaksi_barang_akun (kd_barang,kd_akun)","ADD KEY idx_transaksi_barang_akun (kd_barang,kd_akun)",,ADD INDEX/KEY to Yoga,DROP INDEX/KEY from Local,
index_missing,local_only,index,tbpo_transaksi,"ADD KEY idx_transaksi_barang_tanggal (kd_barang,tgl_transaksi(10))","ADD KEY idx_transaksi_barang_tanggal (kd_barang,tgl_transaksi(10))",,ADD INDEX/KEY to Yoga,DROP INDEX/KEY from Local,
index_missing,local_only,index,tbpo_transaksi,ADD PRIMARY KEY (id_transnk),ADD PRIMARY KEY (id_transnk),,ADD INDEX/KEY to Yoga,DROP INDEX/KEY from Local,
auto_increment_missing,local_only,auto_increment,tbpo_transaksi,MODIFY id_transnk int(11) NOT NULL AUTO_INCREMENT,MODIFY id_transnk int(11) NOT NULL AUTO_INCREMENT,,ADD AUTO_INCREMENT attr to Yoga,DROP AUTO_INCREMENT attr from Local,
table_option_diff,different,table_option,tbpo_transaksi_tmp,,ENGINE=InnoDB DEFAULT CHARSET=utf8mb4 COLLATE=utf8mb4_general_ci,ENGINE=InnoDB DEFAULT CHARSET=utf8mb4,ALTER TABLE option/collation in Yoga to match local_bram,ALTER TABLE option/collation in Local to match Yoga,Umumnya beda COLLATE eksplisit vs default dump
index_missing,local_only,index,tbpo_transaksi_tmp,ADD PRIMARY KEY (id_transnk),ADD PRIMARY KEY (id_transnk),,ADD INDEX/KEY to Yoga,DROP INDEX/KEY from Local,
auto_increment_missing,local_only,auto_increment,tbpo_transaksi_tmp,MODIFY id_transnk int(11) NOT NULL AUTO_INCREMENT,MODIFY id_transnk int(11) NOT NULL AUTO_INCREMENT,,ADD AUTO_INCREMENT attr to Yoga,DROP AUTO_INCREMENT attr from Local,
table_option_diff,different,table_option,tbpo_transaksi_trashbin,,ENGINE=InnoDB DEFAULT CHARSET=utf8mb4 COLLATE=utf8mb4_general_ci,ENGINE=InnoDB DEFAULT CHARSET=utf8mb4,ALTER TABLE option/collation in Yoga to match local_bram,ALTER TABLE option/collation in Local to match Yoga,Umumnya beda COLLATE eksplisit vs default dump
index_missing,local_only,index,tbpo_transaksi_trashbin,ADD PRIMARY KEY (id_trashbin),ADD PRIMARY KEY (id_trashbin),,ADD INDEX/KEY to Yoga,DROP INDEX/KEY from Local,
auto_increment_missing,local_only,auto_increment,tbpo_transaksi_trashbin,MODIFY id_trashbin int(11) NOT NULL AUTO_INCREMENT,MODIFY id_trashbin int(11) NOT NULL AUTO_INCREMENT,,ADD AUTO_INCREMENT attr to Yoga,DROP AUTO_INCREMENT attr from Local,
table_option_diff,different,table_option,tbpo_user,,ENGINE=InnoDB DEFAULT CHARSET=utf8mb4 COLLATE=utf8mb4_general_ci,ENGINE=InnoDB DEFAULT CHARSET=utf8mb4,ALTER TABLE option/collation in Yoga to match local_bram,ALTER TABLE option/collation in Local to match Yoga,Umumnya beda COLLATE eksplisit vs default dump
index_missing,local_only,index,tbpo_user,ADD PRIMARY KEY (id_user),ADD PRIMARY KEY (id_user),,ADD INDEX/KEY to Yoga,DROP INDEX/KEY from Local,
auto_increment_missing,local_only,auto_increment,tbpo_user,MODIFY id_user int(12) NOT NULL AUTO_INCREMENT,MODIFY id_user int(12) NOT NULL AUTO_INCREMENT,,ADD AUTO_INCREMENT attr to Yoga,DROP AUTO_INCREMENT attr from Local,
table_option_diff,different,table_option,tbq_module,,ENGINE=InnoDB DEFAULT CHARSET=utf8mb4 COLLATE=utf8mb4_general_ci,ENGINE=InnoDB DEFAULT CHARSET=utf8mb4,ALTER TABLE option/collation in Yoga to match local_bram,ALTER TABLE option/collation in Local to match Yoga,Umumnya beda COLLATE eksplisit vs default dump
index_missing,local_only,index,tbq_module,ADD PRIMARY KEY (id_qmodule),ADD PRIMARY KEY (id_qmodule),,ADD INDEX/KEY to Yoga,DROP INDEX/KEY from Local,
auto_increment_missing,local_only,auto_increment,tbq_module,MODIFY id_qmodule int(11) NOT NULL AUTO_INCREMENT,MODIFY id_qmodule int(11) NOT NULL AUTO_INCREMENT,,ADD AUTO_INCREMENT attr to Yoga,DROP AUTO_INCREMENT attr from Local,
table_option_diff,different,table_option,tbq_nilaim,,ENGINE=InnoDB DEFAULT CHARSET=utf8mb4 COLLATE=utf8mb4_general_ci,ENGINE=InnoDB DEFAULT CHARSET=utf8mb4,ALTER TABLE option/collation in Yoga to match local_bram,ALTER TABLE option/collation in Local to match Yoga,Umumnya beda COLLATE eksplisit vs default dump
index_missing,local_only,index,tbq_nilaim,ADD PRIMARY KEY (id),ADD PRIMARY KEY (id),,ADD INDEX/KEY to Yoga,DROP INDEX/KEY from Local,
auto_increment_missing,local_only,auto_increment,tbq_nilaim,MODIFY id int(11) NOT NULL AUTO_INCREMENT,MODIFY id int(11) NOT NULL AUTO_INCREMENT,,ADD AUTO_INCREMENT attr to Yoga,DROP AUTO_INCREMENT attr from Local,
table_option_diff,different,table_option,tbq_review_pic,,ENGINE=InnoDB DEFAULT CHARSET=utf8mb4 COLLATE=utf8mb4_general_ci,ENGINE=InnoDB DEFAULT CHARSET=utf8mb4,ALTER TABLE option/collation in Yoga to match local_bram,ALTER TABLE option/collation in Local to match Yoga,Umumnya beda COLLATE eksplisit vs default dump
index_missing,local_only,index,tbq_review_pic,ADD PRIMARY KEY (id_review),ADD PRIMARY KEY (id_review),,ADD INDEX/KEY to Yoga,DROP INDEX/KEY from Local,
auto_increment_missing,local_only,auto_increment,tbq_review_pic,MODIFY id_review int(11) NOT NULL AUTO_INCREMENT,MODIFY id_review int(11) NOT NULL AUTO_INCREMENT,,ADD AUTO_INCREMENT attr to Yoga,DROP AUTO_INCREMENT attr from Local,
table_option_diff,different,table_option,tbq_review_q,,ENGINE=InnoDB DEFAULT CHARSET=utf8mb4 COLLATE=utf8mb4_general_ci,ENGINE=InnoDB DEFAULT CHARSET=utf8mb4,ALTER TABLE option/collation in Yoga to match local_bram,ALTER TABLE option/collation in Local to match Yoga,Umumnya beda COLLATE eksplisit vs default dump
index_missing,local_only,index,tbq_review_q,ADD PRIMARY KEY (id_reviewq),ADD PRIMARY KEY (id_reviewq),,ADD INDEX/KEY to Yoga,DROP INDEX/KEY from Local,
auto_increment_missing,local_only,auto_increment,tbq_review_q,MODIFY id_reviewq int(11) NOT NULL AUTO_INCREMENT,MODIFY id_reviewq int(11) NOT NULL AUTO_INCREMENT,,ADD AUTO_INCREMENT attr to Yoga,DROP AUTO_INCREMENT attr from Local,
table_option_diff,different,table_option,tbrp_activity_log,,ENGINE=InnoDB DEFAULT CHARSET=utf8mb4 COLLATE=utf8mb4_general_ci,ENGINE=InnoDB DEFAULT CHARSET=utf8mb4,ALTER TABLE option/collation in Yoga to match local_bram,ALTER TABLE option/collation in Local to match Yoga,Umumnya beda COLLATE eksplisit vs default dump
table_option_diff,different,table_option,tbrp_retur_penjualan_detail,,ENGINE=InnoDB DEFAULT CHARSET=utf8mb4 COLLATE=utf8mb4_general_ci,ENGINE=InnoDB DEFAULT CHARSET=utf8mb4,ALTER TABLE option/collation in Yoga to match local_bram,ALTER TABLE option/collation in Local to match Yoga,Umumnya beda COLLATE eksplisit vs default dump
column_missing,local_only,column,tbrp_retur_penjualan_header,admin_stock_at_retur,datetime DEFAULT NULL,,ADD COLUMN to Yoga,DROP COLUMN from Local,
column_missing,local_only,column,tbrp_retur_penjualan_header,admin_stock_by_retur,varchar(150) DEFAULT NULL,,ADD COLUMN to Yoga,DROP COLUMN from Local,
column_missing,local_only,column,tbrp_retur_penjualan_header,catatan_admin_stock,text DEFAULT NULL,,ADD COLUMN to Yoga,DROP COLUMN from Local,
column_missing,yoga_only,column,tbrp_retur_penjualan_header,admretur_at_retur,,datetime DEFAULT NULL,DROP COLUMN from Yoga,ADD COLUMN to Local,
column_missing,yoga_only,column,tbrp_retur_penjualan_header,admretur_by_retur,,varchar(150) DEFAULT NULL,DROP COLUMN from Yoga,ADD COLUMN to Local,
column_missing,yoga_only,column,tbrp_retur_penjualan_header,catatan_admretur,,text DEFAULT NULL,DROP COLUMN from Yoga,ADD COLUMN to Local,
column_missing,yoga_only,column,tbrp_retur_penjualan_header,catatan_dirop_retur,,text DEFAULT NULL,DROP COLUMN from Yoga,ADD COLUMN to Local,
column_missing,yoga_only,column,tbrp_retur_penjualan_header,catatan_dirut_retur,,text DEFAULT NULL,DROP COLUMN from Yoga,ADD COLUMN to Local,
column_missing,yoga_only,column,tbrp_retur_penjualan_header,catatan_kadepsc_retur,,text DEFAULT NULL,DROP COLUMN from Yoga,ADD COLUMN to Local,
column_missing,yoga_only,column,tbrp_retur_penjualan_header,catatan_kadepub_retur,,text DEFAULT NULL,DROP COLUMN from Yoga,ADD COLUMN to Local,
column_missing,yoga_only,column,tbrp_retur_penjualan_header,catatan_koorsc_retur,,text DEFAULT NULL,DROP COLUMN from Yoga,ADD COLUMN to Local,
column_missing,yoga_only,column,tbrp_retur_penjualan_header,catatan_mngacc_retur,,text DEFAULT NULL,DROP COLUMN from Yoga,ADD COLUMN to Local,
column_missing,yoga_only,column,tbrp_retur_penjualan_header,catatan_mngsc_retur,,text DEFAULT NULL,DROP COLUMN from Yoga,ADD COLUMN to Local,
column_missing,yoga_only,column,tbrp_retur_penjualan_header,catatan_mngse_retur,,text DEFAULT NULL,DROP COLUMN from Yoga,ADD COLUMN to Local,
column_missing,yoga_only,column,tbrp_retur_penjualan_header,dirop_at_retur,,datetime DEFAULT NULL,DROP COLUMN from Yoga,ADD COLUMN to Local,
column_missing,yoga_only,column,tbrp_retur_penjualan_header,dirop_by_retur,,varchar(150) DEFAULT NULL,DROP COLUMN from Yoga,ADD COLUMN to Local,
column_missing,yoga_only,column,tbrp_retur_penjualan_header,dirut_at_retur,,datetime DEFAULT NULL,DROP COLUMN from Yoga,ADD COLUMN to Local,
column_missing,yoga_only,column,tbrp_retur_penjualan_header,dirut_by_retur,,varchar(150) DEFAULT NULL,DROP COLUMN from Yoga,ADD COLUMN to Local,
column_missing,yoga_only,column,tbrp_retur_penjualan_header,gudang_id,,int(11) DEFAULT NULL,DROP COLUMN from Yoga,ADD COLUMN to Local,
column_missing,yoga_only,column,tbrp_retur_penjualan_header,kadepsc_at_retur,,datetime DEFAULT NULL,DROP COLUMN from Yoga,ADD COLUMN to Local,
column_missing,yoga_only,column,tbrp_retur_penjualan_header,kadepsc_by_retur,,varchar(150) DEFAULT NULL,DROP COLUMN from Yoga,ADD COLUMN to Local,
column_missing,yoga_only,column,tbrp_retur_penjualan_header,kadepub_at_retur,,datetime DEFAULT NULL,DROP COLUMN from Yoga,ADD COLUMN to Local,
column_missing,yoga_only,column,tbrp_retur_penjualan_header,kadepub_by_retur,,varchar(150) DEFAULT NULL,DROP COLUMN from Yoga,ADD COLUMN to Local,
column_missing,yoga_only,column,tbrp_retur_penjualan_header,koorsc_at_retur,,datetime DEFAULT NULL,DROP COLUMN from Yoga,ADD COLUMN to Local,
column_missing,yoga_only,column,tbrp_retur_penjualan_header,koorsc_by_retur,,varchar(150) DEFAULT NULL,DROP COLUMN from Yoga,ADD COLUMN to Local,
column_missing,yoga_only,column,tbrp_retur_penjualan_header,mngacc_at_retur,,datetime DEFAULT NULL,DROP COLUMN from Yoga,ADD COLUMN to Local,
column_missing,yoga_only,column,tbrp_retur_penjualan_header,mngacc_by_retur,,varchar(150) DEFAULT NULL,DROP COLUMN from Yoga,ADD COLUMN to Local,
column_missing,yoga_only,column,tbrp_retur_penjualan_header,mngsc_at_retur,,datetime DEFAULT NULL,DROP COLUMN from Yoga,ADD COLUMN to Local,
column_missing,yoga_only,column,tbrp_retur_penjualan_header,mngsc_by_retur,,varchar(150) DEFAULT NULL,DROP COLUMN from Yoga,ADD COLUMN to Local,
column_missing,yoga_only,column,tbrp_retur_penjualan_header,mngse_at_retur,,datetime DEFAULT NULL,DROP COLUMN from Yoga,ADD COLUMN to Local,
column_missing,yoga_only,column,tbrp_retur_penjualan_header,mngse_by_retur,,varchar(150) DEFAULT NULL,DROP COLUMN from Yoga,ADD COLUMN to Local,
column_definition_diff,different,column,tbrp_retur_penjualan_header,status_retur,"enum('menunggu_verifikasi','terverifikasi','menunggu_collection','menunggu_kasir','selesai','ditolak') NOT NULL DEFAULT 'menunggu_verifikasi'","enum('menunggu_verifikasi','retur_menunggu_kadepub','retur_menunggu_mngacc','retur_menunggu_mngsc','retur_menunggu_mngse','retur_menunggu_kadepsc','retur_menunggu_dirop','retur_menunggu_dirut','menunggu_collection','menunggu_kasir','selesai','ditolak') NOT NULL DEFAULT 'menunggu_verifikasi'",MODIFY COLUMN in Yoga to local_bram definition,MODIFY COLUMN in Local to Yoga definition,Perbedaan tipe/default/null/enum/length yang berdampak schema
table_option_diff,different,table_option,tbrp_retur_penjualan_header,,ENGINE=InnoDB DEFAULT CHARSET=utf8mb4 COLLATE=utf8mb4_general_ci,ENGINE=InnoDB DEFAULT CHARSET=utf8mb4,ALTER TABLE option/collation in Yoga to match local_bram,ALTER TABLE option/collation in Local to match Yoga,Umumnya beda COLLATE eksplisit vs default dump
table_option_diff,different,table_option,tbrp_spr_detail,,ENGINE=InnoDB DEFAULT CHARSET=utf8mb4 COLLATE=utf8mb4_general_ci,ENGINE=InnoDB DEFAULT CHARSET=utf8mb4,ALTER TABLE option/collation in Yoga to match local_bram,ALTER TABLE option/collation in Local to match Yoga,Umumnya beda COLLATE eksplisit vs default dump
column_missing,local_only,column,tbrp_spr_header,admin_stock_at,datetime DEFAULT NULL,,ADD COLUMN to Yoga,DROP COLUMN from Local,
column_missing,local_only,column,tbrp_spr_header,admin_stock_by,varchar(150) DEFAULT NULL,,ADD COLUMN to Yoga,DROP COLUMN from Local,
column_missing,local_only,column,tbrp_spr_header,admin_stock_catatan,text DEFAULT NULL,,ADD COLUMN to Yoga,DROP COLUMN from Local,
column_missing,local_only,column,tbrp_spr_header,koor_sc_at,datetime DEFAULT NULL,,ADD COLUMN to Yoga,DROP COLUMN from Local,
column_missing,local_only,column,tbrp_spr_header,koor_sc_by,varchar(150) DEFAULT NULL,,ADD COLUMN to Yoga,DROP COLUMN from Local,
column_missing,local_only,column,tbrp_spr_header,koor_sc_catatan,text DEFAULT NULL,,ADD COLUMN to Yoga,DROP COLUMN from Local,
column_missing,yoga_only,column,tbrp_spr_header,admretur_at,,datetime DEFAULT NULL,DROP COLUMN from Yoga,ADD COLUMN to Local,
column_missing,yoga_only,column,tbrp_spr_header,admretur_by,,varchar(150) DEFAULT NULL,DROP COLUMN from Yoga,ADD COLUMN to Local,
column_missing,yoga_only,column,tbrp_spr_header,admretur_catatan,,text DEFAULT NULL,DROP COLUMN from Yoga,ADD COLUMN to Local,
column_missing,yoga_only,column,tbrp_spr_header,kadepub_at,,datetime DEFAULT NULL,DROP COLUMN from Yoga,ADD COLUMN to Local,
column_missing,yoga_only,column,tbrp_spr_header,kadepub_by,,varchar(150) DEFAULT NULL,DROP COLUMN from Yoga,ADD COLUMN to Local,
column_missing,yoga_only,column,tbrp_spr_header,kadepub_catatan,,text DEFAULT NULL,DROP COLUMN from Yoga,ADD COLUMN to Local,
column_missing,yoga_only,column,tbrp_spr_header,mngsc_at,,datetime DEFAULT NULL,DROP COLUMN from Yoga,ADD COLUMN to Local,
column_missing,yoga_only,column,tbrp_spr_header,mngsc_by,,varchar(150) DEFAULT NULL,DROP COLUMN from Yoga,ADD COLUMN to Local,
column_missing,yoga_only,column,tbrp_spr_header,mngsc_catatan,,text DEFAULT NULL,DROP COLUMN from Yoga,ADD COLUMN to Local,
table_option_diff,different,table_option,tbrp_spr_header,,ENGINE=InnoDB DEFAULT CHARSET=utf8mb4 COLLATE=utf8mb4_general_ci,ENGINE=InnoDB DEFAULT CHARSET=utf8mb4,ALTER TABLE option/collation in Yoga to match local_bram,ALTER TABLE option/collation in Local to match Yoga,Umumnya beda COLLATE eksplisit vs default dump
table_option_diff,different,table_option,tbsim_bobotkpi,,ENGINE=InnoDB DEFAULT CHARSET=utf8mb4 COLLATE=utf8mb4_general_ci,ENGINE=InnoDB DEFAULT CHARSET=utf8mb4,ALTER TABLE option/collation in Yoga to match local_bram,ALTER TABLE option/collation in Local to match Yoga,Umumnya beda COLLATE eksplisit vs default dump
table_option_diff,different,table_option,tbsim_hows,,ENGINE=InnoDB DEFAULT CHARSET=utf8mb4 COLLATE=utf8mb4_general_ci,ENGINE=InnoDB DEFAULT CHARSET=utf8mb4,ALTER TABLE option/collation in Yoga to match local_bram,ALTER TABLE option/collation in Local to match Yoga,Umumnya beda COLLATE eksplisit vs default dump
table_option_diff,different,table_option,tbsim_indikator_hows,,ENGINE=InnoDB DEFAULT CHARSET=utf8mb4 COLLATE=utf8mb4_general_ci,ENGINE=InnoDB DEFAULT CHARSET=utf8mb4,ALTER TABLE option/collation in Yoga to match local_bram,ALTER TABLE option/collation in Local to match Yoga,Umumnya beda COLLATE eksplisit vs default dump
table_option_diff,different,table_option,tbsim_indikator_whats,,ENGINE=InnoDB DEFAULT CHARSET=utf8mb4 COLLATE=utf8mb4_general_ci,ENGINE=InnoDB DEFAULT CHARSET=utf8mb4,ALTER TABLE option/collation in Yoga to match local_bram,ALTER TABLE option/collation in Local to match Yoga,Umumnya beda COLLATE eksplisit vs default dump
table_option_diff,different,table_option,tbsim_kpi,,ENGINE=InnoDB DEFAULT CHARSET=utf8mb4 COLLATE=utf8mb4_general_ci,ENGINE=InnoDB DEFAULT CHARSET=utf8mb4,ALTER TABLE option/collation in Yoga to match local_bram,ALTER TABLE option/collation in Local to match Yoga,Umumnya beda COLLATE eksplisit vs default dump
table_option_diff,different,table_option,tbsim_whats,,ENGINE=InnoDB DEFAULT CHARSET=utf8mb4 COLLATE=utf8mb4_general_ci,ENGINE=InnoDB DEFAULT CHARSET=utf8mb4,ALTER TABLE option/collation in Yoga to match local_bram,ALTER TABLE option/collation in Local to match Yoga,Umumnya beda COLLATE eksplisit vs default dump
table_option_diff,different,table_option,tbso_activity_log,,ENGINE=InnoDB DEFAULT CHARSET=utf8mb4 COLLATE=utf8mb4_general_ci,ENGINE=InnoDB DEFAULT CHARSET=utf8mb4,ALTER TABLE option/collation in Yoga to match local_bram,ALTER TABLE option/collation in Local to match Yoga,Umumnya beda COLLATE eksplisit vs default dump
table_option_diff,different,table_option,tbso_faktur_detail,,ENGINE=InnoDB DEFAULT CHARSET=utf8mb4 COLLATE=utf8mb4_general_ci COMMENT='Detail Baris Faktur Penjualan',ENGINE=InnoDB DEFAULT CHARSET=utf8mb4 COMMENT='Detail Baris Faktur Penjualan',ALTER TABLE option/collation in Yoga to match local_bram,ALTER TABLE option/collation in Local to match Yoga,Umumnya beda COLLATE eksplisit vs default dump
table_option_diff,different,table_option,tbso_faktur_penjualan,,ENGINE=InnoDB DEFAULT CHARSET=utf8mb4 COLLATE=utf8mb4_general_ci COMMENT='Header Faktur Penjualan dari Sales Order',ENGINE=InnoDB DEFAULT CHARSET=utf8mb4 COMMENT='Header Faktur Penjualan dari Sales Order',ALTER TABLE option/collation in Yoga to match local_bram,ALTER TABLE option/collation in Local to match Yoga,Umumnya beda COLLATE eksplisit vs default dump
column_missing,local_only,column,tbso_sales_order,approve_by,varchar(100) DEFAULT NULL,,ADD COLUMN to Yoga,DROP COLUMN from Local,
column_missing,local_only,column,tbso_sales_order,no_faktur,varchar(30) DEFAULT NULL,,ADD COLUMN to Yoga,DROP COLUMN from Local,
table_option_diff,different,table_option,tbso_sales_order,,ENGINE=InnoDB DEFAULT CHARSET=utf8mb4 COLLATE=utf8mb4_general_ci,ENGINE=InnoDB DEFAULT CHARSET=utf8mb4,ALTER TABLE option/collation in Yoga to match local_bram,ALTER TABLE option/collation in Local to match Yoga,Umumnya beda COLLATE eksplisit vs default dump
index_missing,local_only,index,tbso_sales_order,ADD UNIQUE KEY uk_tbso_sales_order_no_faktur (no_faktur),ADD UNIQUE KEY uk_tbso_sales_order_no_faktur (no_faktur),,ADD INDEX/KEY to Yoga,DROP INDEX/KEY from Local,
column_missing,local_only,column,tbso_sales_order_detail,approve_by,varchar(100) DEFAULT NULL,,ADD COLUMN to Yoga,DROP COLUMN from Local,
column_missing,local_only,column,tbso_sales_order_detail,is_nego,tinyint(1) NOT NULL DEFAULT 0,,ADD COLUMN to Yoga,DROP COLUMN from Local,
column_missing,local_only,column,tbso_sales_order_detail,no_faktur,varchar(30) DEFAULT NULL,,ADD COLUMN to Yoga,DROP COLUMN from Local,
column_missing,local_only,column,tbso_sales_order_detail,qty_delivered,"decimal(15,3) NOT NULL DEFAULT 0.000",,ADD COLUMN to Yoga,DROP COLUMN from Local,
column_missing,local_only,column,tbso_sales_order_detail,ref_no,varchar(100) DEFAULT NULL,,ADD COLUMN to Yoga,DROP COLUMN from Local,
table_option_diff,different,table_option,tbso_sales_order_detail,,ENGINE=InnoDB DEFAULT CHARSET=utf8mb4 COLLATE=utf8mb4_general_ci,ENGINE=InnoDB DEFAULT CHARSET=utf8mb4,ALTER TABLE option/collation in Yoga to match local_bram,ALTER TABLE option/collation in Local to match Yoga,Umumnya beda COLLATE eksplisit vs default dump
index_missing,local_only,index,tbso_sales_order_detail,ADD KEY idx_sod_no_faktur (no_faktur),ADD KEY idx_sod_no_faktur (no_faktur),,ADD INDEX/KEY to Yoga,DROP INDEX/KEY from Local,
table_option_diff,different,table_option,trashbin_do,,ENGINE=InnoDB DEFAULT CHARSET=utf8mb4 COLLATE=utf8mb4_general_ci,ENGINE=InnoDB DEFAULT CHARSET=utf8mb4,ALTER TABLE option/collation in Yoga to match local_bram,ALTER TABLE option/collation in Local to match Yoga,Umumnya beda COLLATE eksplisit vs default dump
table_option_diff,different,table_option,users,,ENGINE=InnoDB DEFAULT CHARSET=utf8mb4 COLLATE=utf8mb4_general_ci,ENGINE=InnoDB DEFAULT CHARSET=utf8mb4,ALTER TABLE option/collation in Yoga to match local_bram,ALTER TABLE option/collation in Local to match Yoga,Umumnya beda COLLATE eksplisit vs default dump
