tgl_transaksi,kd_faktur_lpb,kd_barang,nama_barang,exp_date,qty,lpb_note,input_at,lpb_status
2/2/2026,26000086B,QJAGU37,"Jagung Pertiwi 2 20 X 1 kg",1/1/2027,4,DO-S/2026/01092,14/03/2026,1
2/2/2026,26000086B,QJAGU37,"Jagung Pertiwi 2 20 X 1 kg",1/1/2027,396,DO-S/2026/01092,14/03/2026,1
4/2/2026,26000087B,QJAGU13,"Jagung NK 212 20 X 1 kg",15/1/2027,2720,850932990,14/03/2026,1
4/2/2026,26000087B,QJAGU13,"Jagung NK 212 20 X 1 kg",15/1/2027,13280,850932990,14/03/2026,1
4/2/2026,26000088B,QJAGU29,"Jagung NK 7328 20 X 1 kg",14/1/2027,13380,850932995,14/03/2026,1
4/2/2026,26000088B,QJAGU29,"Jagung NK 7328 20 X 1 kg",25/1/2027,2620,850932995,14/03/2026,1
4/2/2026,26000089B,QJAGU29,"Jagung NK 7328 20 X 1 kg",25/1/2027,16000,850934762,14/03/2026,1
4/2/2026,26000090B,QJAGU94,"Jagung NK 7328 BTGT 20 X 1 kg",14/1/2027,400,850934891,14/03/2026,1
4/2/2026,26000090B,QJAGU94,"Jagung NK 7328 BTGT 20 X 1 kg",15/1/2027,11600,850934891,14/03/2026,1
4/2/2026,26000090B,QJAGU94,"Jagung NK 7328 BTGT 20 X 1 kg",28/12/2026,4000,850934891,14/03/2026,1
4/2/2026,26000091Bk,QKACA21,"Kacang Panjang Balga 20 X 500 gr",1/1/2028,100,SJ,14/03/2026,1
5/2/2026,26000092B,QJAGU94,"Jagung NK 7328 BTGT 20 X 1 kg",20/1/2027,1180,850936770,14/03/2026,1
5/2/2026,26000092B,QJAGU94,"Jagung NK 7328 BTGT 20 X 1 kg",28/1/2027,14820,850936770,14/03/2026,1
5/2/2026,26000093B,QJAGU94,"Jagung NK 7328 BTGT 20 X 1 kg",15/1/2027,6460,850936769,14/03/2026,1
5/2/2026,26000093B,QJAGU94,"Jagung NK 7328 BTGT 20 X 1 kg",20/1/2027,9540,850936769,14/03/2026,1
5/2/2026,26000094B,QJAGU70,"Jagung P27 Gajah 20 X 1 kg",8/5/2026,2000,PS000534,14/03/2026,1
5/2/2026,26000095B,QJAGU112,"Jagung P27 Lumigen 20 X 1 kg",11/6/2026,4000,PS000532,14/03/2026,1
5/2/2026,26000096B,QJAGU112,"Jagung P27 Lumigen 20 X 1 kg",11/6/2026,923,PS000533,14/03/2026,1
6/2/2026,26000097B,QJAGU29,"Jagung NK 7328 20 X 1 kg",25/1/2027,16000,850939574,14/03/2026,1
6/2/2026,26000098B,QJAGU94,"Jagung NK 7328 BTGT 20 X 1 kg",28/1/2027,1560,850939631,14/03/2026,1
6/2/2026,26000098B,QJAGU94,"Jagung NK 7328 BTGT 20 X 1 kg",28/1/2027,14440,850939631,14/03/2026,1
6/2/2026,26000099B,QJAGU87,"Jagung NK 212 BTGT 20 X 1 kg",14/1/2027,1180,850939475,14/03/2026,1
6/2/2026,26000099B,QJAGU87,"Jagung NK 212 BTGT 20 X 1 kg",20/1/2027,14820,850939475,14/03/2026,1
7/2/2026,26000100B,QJAGU13,"Jagung NK 212 20 X 1 kg",15/1/2027,16000,850941220,14/03/2026,1
7/2/2026,26000101B,QJAGU87,"Jagung NK 212 BTGT 20 X 1 kg",20/1/2027,10000,850942718,14/03/2026,1
7/2/2026,26000102B,QJAGU13,"Jagung NK 212 20 X 1 kg",15/1/2027,6000,850941293,14/03/2026,1
7/2/2026,26000103B,QTIMU29,"Timun Semi F1 12 X 10 X 20 gr*",4/8/2027,600,SJP2602-0169,14/03/2026,1
7/2/2026,26000104B,QTIMU29,"Timun Semi F1 12 X 10 X 20 gr*",4/8/2027,360,SJP2602-0189,14/03/2026,1
7/2/2026,26000105B,QTIMU29,"Timun Semi F1 12 X 10 X 20 gr*",3/8/2027,240,SJP2602-0165,14/03/2026,1
7/2/2026,26000106B,QSMK24,"Smk. Madrid F1 12 X 10 X 20 gr*",4/5/2027,840,SJP2602-0219,14/03/2026,1
7/2/2026,26000106B,QSMK24,"Smk. Madrid F1 12 X 10 X 20 gr*",4/5/2027,960,SJP2602-0219,14/03/2026,1
7/2/2026,26000107B,QJAGU29,"Jagung NK 7328 20 X 1 kg",25/1/2027,15160,850941399,14/03/2026,1
7/2/2026,26000107B,QJAGU29,"Jagung NK 7328 20 X 1 kg",25/1/2027,840,850941399,14/03/2026,1
10/2/2026,26000108Bk,QTIMU35,"Timun Saemi F1 12 X 12 X 20 gr",1/1/2028,144,SJ,14/03/2026,1
10/2/2026,26000108Bk,QTIMU35,"Timun Saemi F1 12 X 12 X 20 gr",1/1/2028,432,SJ,14/03/2026,1
10/2/2026,26000109B,QTIMU29,"Timun Semi F1 12 X 10 X 20 gr*",22/7/2027,424,SJP2602-0290,14/03/2026,1
10/2/2026,26000109B,QTIMU29,"Timun Semi F1 12 X 10 X 20 gr*",22/7/2027,274,SJP2602-0290,14/03/2026,1
10/2/2026,26000110B,QJAGU13,"Jagung NK 212 20 X 1 kg",15/1/2027,5440,850946069,14/03/2026,1
10/2/2026,26000110B,QJAGU13,"Jagung NK 212 20 X 1 kg",15/1/2027,10560,850946069,14/03/2026,1
10/2/2026,26000111B,QJAGU29,"Jagung NK 7328 20 X 1 kg",25/1/2027,6000,850946316,14/03/2026,1
10/2/2026,26000112B,QJAGU13,"Jagung NK 212 20 X 1 kg",15/1/2027,10000,850946071,14/03/2026,1
10/2/2026,26000113B,QJAGU13,"Jagung NK 212 20 X 1 kg",15/1/2027,5040,850946161,14/03/2026,1
10/2/2026,26000113B,QJAGU13,"Jagung NK 212 20 X 1 kg",15/1/2027,10960,850946161,14/03/2026,1
11/2/2026,26000114B,QJAGU29,"Jagung NK 7328 20 X 1 kg",25/1/2027,16000,850946767,14/03/2026,1
11/2/2026,26000115B,QJAGU94,"Jagung NK 7328 BTGT 20 X 1 kg",30/1/2027,15000,850948334,14/03/2026,1
11/2/2026,26000116B,QJAGU29,"Jagung NK 7328 20 X 1 kg",25/1/2027,1000,850946773,14/03/2026,1
11/2/2026,26000117B,QJAGU37,"Jagung Pertiwi 2 20 X 1 kg",1/1/2027,595,DO-S/2026/01349,14/03/2026,1
11/2/2026,26000117B,QJAGU37,"Jagung Pertiwi 2 20 X 1 kg",1/2/2027,405,DO-S/2026/01349,14/03/2026,1
11/2/2026,26000118B,QJAGU104,"Jagung Manis Exsotic F1 40 X 1750 biji",1/10/2026,2920,DO-S/2026/01345,14/03/2026,1
11/2/2026,26000118B,QJAGU104,"Jagung Manis Exsotic F1 40 X 1750 biji",1/10/2026,1080,DO-S/2026/01345,14/03/2026,1
11/2/2026,26000119B,QTIMU04,"Timun Renes F1 12 X 15 X 10 gr*",27/6/2027,1800,SJP2602-0342,14/03/2026,1
11/2/2026,26000120B,QTIMU29,"Timun Semi F1 12 X 10 X 20 gr*",22/7/2027,600,SJP2602-0320,14/03/2026,1
11/2/2026,26000121B,QTIMU04,"Timun Renes F1 12 X 15 X 10 gr*",27/6/2027,180,SJP2602-0343,14/03/2026,1
11/2/2026,26000122B,QPADI22,"Padi Janger Inpari-32 4 X 5 kg*",20/6/2026,800,A2600003,14/03/2026,1
12/2/2026,26000123B,QJAGU13,"Jagung NK 212 20 X 1 kg",1/2/2027,10740,850950496,14/03/2026,1
12/2/2026,26000123B,QJAGU13,"Jagung NK 212 20 X 1 kg",23/1/2027,5260,850950496,14/03/2026,1
12/2/2026,26000124B,QJAGU13,"Jagung NK 212 20 X 1 kg",1/2/2027,12000,850950500,14/03/2026,1
12/2/2026,26000125B,QJAGU13,"Jagung NK 212 20 X 1 kg",1/2/2027,4000,850950499,14/03/2026,1
12/2/2026,26000126B,QJAGU29,"Jagung NK 7328 20 X 1 kg",25/1/2027,3000,850950492,14/03/2026,1
12/2/2026,26000127B,QJAGU58,"Jagung NK 7202 20 X 1 kg",9/1/2027,13000,850951304,14/03/2026,1
12/2/2026,26000128B,CSMK02,"Smk. Madrid F1 12 X 10 X 20 gr",4/5/2027,600,"SJP2602-0262 SHIP TO KALSEL",14/03/2026,1
13/2/2026,26000129B,QJAGU87,"Jagung NK 212 BTGT 20 X 1 kg",9/2/2027,10000,850953747,14/03/2026,1
13/2/2026,26000130B,QJAGU87,"Jagung NK 212 BTGT 20 X 1 kg",9/2/2027,6000,850953742,14/03/2026,1
14/2/2026,26000131B,QJAGU106,"Jagung DK 79C 20 X 1 kg",11/9/2026,3000,"015/KSM/II/2026 SHIP TO HIKMAH AGUNG",14/03/2026,1
14/2/2026,26000132B,QJAGU101,"Jagung Manis Golden Boy F1 40 X +/-1800 biji",1/10/2026,400,1152022634,14/03/2026,1
14/2/2026,26000132B,QJAGU108,"Jagung Manis Golden Boy F1 10 X 7200 biji",1/9/2026,50,1152022634,14/03/2026,1
14/2/2026,26000133B,QCABE63,"Cabe Darmais F1 12 X 15 X 10 gr",30/7/2027,180,SJP2602-0388,14/03/2026,1
14/2/2026,26000134B,QSMK24,"Smk. Madrid F1 12 X 10 X 20 gr*",10/5/2027,600,SJP2602-0390,14/03/2026,1
14/2/2026,26000134B,QSMK24,"Smk. Madrid F1 12 X 10 X 20 gr*",10/5/2027,960,SJP2602-0390,14/03/2026,1
16/2/2026,26000135B,QJAGU17,"Jagung Pertiwi 3 20 X 1 kg",1/2/2027,5000,DO-S/2026/01458,14/03/2026,1
16/2/2026,26000136B,QJAGU81,"Jagung Manis Panglima F1 40 X 1750 biji",1/10/2026,485,DO-S/2026/01451,14/03/2026,1
16/2/2026,26000136B,QJAGU81,"Jagung Manis Panglima F1 40 X 1750 biji",1/11/2026,3515,DO-S/2026/01451,14/03/2026,1
16/2/2026,26000137B,QJAGU25,"Jagung Pertiwi 6 20 X 1 kg",1/2/2027,5000,DO-S/2026/01450,14/03/2026,1
16/2/2026,26000138B,CSMK02,"Smk. Madrid F1 12 X 10 X 20 gr",6/5/2027,840,"SJP2602-0391 SHIP TO KALSEL",14/03/2026,1
18/2/2026,26000139B,QTIMU29,"Timun Semi F1 12 X 10 X 20 gr*",13/8/2027,2040,"SJP2602 0489",14/03/2026,1
18/2/2026,26000139B,QTIMU29,"Timun Semi F1 12 X 10 X 20 gr*",13/8/2027,960,"SJP2602 0489",14/03/2026,1
18/2/2026,26000140B,QTIMU29,"Timun Semi F1 12 X 10 X 20 gr*",13/8/2027,600,"SJP2602 0479",14/03/2026,1
19/2/2026,26000141B,QJAGU87,"Jagung NK 212 BTGT 20 X 1 kg",30/1/2027,16000,850966100,14/03/2026,1
21/2/2026,26000144B,QTIMU29,"Timun Semi F1 12 X 10 X 20 gr*",20/7/2027,1200,SJP2602-0601,14/03/2026,1
21/2/2026,26000145B,QTIMU29,"Timun Semi F1 12 X 10 X 20 gr*",18/8/2027,1200,SJP2602-0622,14/03/2026,1
21/2/2026,26000146B,QBLEW03,"Blewah Blaster F1 12 X 15 X 15 gr",20/7/2027,180,SJP2602-0623,14/03/2026,1
21/2/2026,26000147B,QJAGU13,"Jagung NK 212 20 X 1 kg",1/2/2027,2440,850972459,14/03/2026,1
21/2/2026,26000147B,QJAGU13,"Jagung NK 212 20 X 1 kg",1/2/2027,13560,850972459,14/03/2026,1
21/2/2026,26000148B,QJAGU13,"Jagung NK 212 20 X 1 kg",1/2/2027,13180,850972460,14/03/2026,1
21/2/2026,26000148B,QJAGU13,"Jagung NK 212 20 X 1 kg",8/2/2027,2820,850972460,14/03/2026,1
21/2/2026,26000149B,QBLEW03,"Blewah Blaster F1 12 X 15 X 15 gr",26/7/2027,496,SJP2602-0624,14/03/2026,1
21/2/2026,26000149B,QBLEW03,"Blewah Blaster F1 12 X 15 X 15 gr",16/8/2027,218,SJP2602-0624,14/03/2026,1
21/2/2026,26000149B,QBLEW03,"Blewah Blaster F1 12 X 15 X 15 gr",17/7/2027,134,SJP2602-0624,14/03/2026,1
21/2/2026,26000149B,QBLEW03,"Blewah Blaster F1 12 X 15 X 15 gr",17/7/2027,943,SJP2602-0624,14/03/2026,1
21/2/2026,26000149B,QBLEW03,"Blewah Blaster F1 12 X 15 X 15 gr",20/7/2027,9,SJP2602-0624,14/03/2026,1
21/2/2026,26000150B,QPADI09,"Padi Janger Logawa 4 X 5 kg*",27/7/2026,1000,A2600006,14/03/2026,1
23/2/2026,26000151B,QJAGU13,"Jagung NK 212 20 X 1 kg",16/2/2027,11360,850972462,14/03/2026,1
23/2/2026,26000151B,QJAGU13,"Jagung NK 212 20 X 1 kg",8/2/2027,4640,850972462,14/03/2026,1
23/2/2026,26000152B,QJAGU37,"Jagung Pertiwi 2 20 X 1 kg",1/2/2027,3894,DO-S/2026/01662,14/03/2026,1
23/2/2026,26000152B,QJAGU37,"Jagung Pertiwi 2 20 X 1 kg",1/2/2027,1106,DO-S/2026/01662,14/03/2026,1
23/2/2026,26000153B,QJAGU94,"Jagung NK 7328 BTGT 20 X 1 kg",9/2/2027,10980,850974593,14/03/2026,1
23/2/2026,26000153B,QJAGU94,"Jagung NK 7328 BTGT 20 X 1 kg",6/2/2027,5020,850974593,14/03/2026,1
23/2/2026,26000154B,QJAGU13,"Jagung NK 212 20 X 1 kg",8/2/2027,16000,850972461,14/03/2026,1
23/2/2026,26000155B,QJAGU13,"Jagung NK 212 20 X 1 kg",1/2/2027,900,850972381,14/03/2026,1
23/2/2026,26000155B,QJAGU13,"Jagung NK 212 20 X 1 kg",1/2/2027,5180,850972381,14/03/2026,1
23/2/2026,26000155B,QJAGU13,"Jagung NK 212 20 X 1 kg",1/2/2027,20,850972381,14/03/2026,1
23/2/2026,26000156B,QJAGU13,"Jagung NK 212 20 X 1 kg",1/2/2027,9900,850972457,14/03/2026,1
23/2/2026,26000157B,QMELO14,"Melon Merlin F1 12 X 10 X 20 gr",29/7/2027,1200,SJP2602-0641,14/03/2026,1
23/2/2026,26000157B,QSMK31,"Smk. Big Maduri F1 12 X 10 X 20 gr",23/6/2027,1200,SJP2602-0641,14/03/2026,1
23/2/2026,26000157B,QCABE63,"Cabe Darmais F1 12 X 15 X 10 gr",11/8/2027,60,SJP2602-0641,14/03/2026,1
23/2/2026,26000158B,QMELO14,"Melon Merlin F1 12 X 10 X 20 gr",29/7/2027,120,SJP2602-0642,14/03/2026,1
23/2/2026,26000158B,QSMK31,"Smk. Big Maduri F1 12 X 10 X 20 gr",23/6/2027,109,SJP2602-0642,14/03/2026,1
23/2/2026,26000158B,QSMK31,"Smk. Big Maduri F1 12 X 10 X 20 gr",25/6/2027,11,SJP2602-0642,14/03/2026,1
24/2/2026,26000159B,QJAGU112,"Jagung P27 Lumigen 20 X 1 kg",21/8/2026,445,PS000579,14/03/2026,1
24/2/2026,26000159B,QJAGU112,"Jagung P27 Lumigen 20 X 1 kg",21/8/2026,1555,PS000579,14/03/2026,1
25/2/2026,26000160B,QJAGU94,"Jagung NK 7328 BTGT 20 X 1 kg",9/2/2027,16000,850977576,14/03/2026,1
25/2/2026,26000161B,QJAGU52,"Jagung Pertiwi 5 20 X 1 kg",1/1/2027,500,DO-S/2026/01735,14/03/2026,1
25/2/2026,26000162B,QJAGU91,"Jagung Bisi 959 20 X 1 kg + Kaos*",13/2/2027,5000,1152023351,14/03/2026,1
25/2/2026,26000163B,QJAGU87,"Jagung NK 212 BTGT 20 X 1 kg",15/2/2027,1000,850977579,14/03/2026,1
25/2/2026,26000163B,QJAGU94,"Jagung NK 7328 BTGT 20 X 1 kg",9/2/2027,12200,850977579,14/03/2026,1
25/2/2026,26000163B,QJAGU94,"Jagung NK 7328 BTGT 20 X 1 kg",9/2/2027,2800,850977579,14/03/2026,1
26/2/2026,26000164B,QJAGU70,"Jagung P27 Gajah 20 X 1 kg",13/5/2026,5000,PS000598,14/03/2026,1
26/2/2026,26000165B,QJAGU70,"Jagung P27 Gajah 20 X 1 kg",13/5/2026,1000,PS000599,14/03/2026,1
26/2/2026,26000166B,QJAGU112,"Jagung P27 Lumigen 20 X 1 kg",11/11/2026,9960,PS000600,14/03/2026,1
26/2/2026,26000166B,QJAGU112,"Jagung P27 Lumigen 20 X 1 kg",10/11/2026,40,PS000600,14/03/2026,1
26/2/2026,26000167B,QJAGU94,"Jagung NK 7328 BTGT 20 X 1 kg",9/2/2027,13260,850979855,14/03/2026,1
26/2/2026,26000167B,QJAGU94,"Jagung NK 7328 BTGT 20 X 1 kg",9/2/2027,2740,850979855,14/03/2026,1
26/2/2026,26000168BAk,QTIMU35,"Timun Saemi F1 12 X 12 X 20 gr",1/2/2028,720,SJ,14/03/2026,1
26/2/2026,26000168Bk,QTIMU35,"Timun Saemi F1 12 X 12 X 20 gr",1/1/2028,24,SJ,14/03/2026,1
27/2/2026,26000169B,QPADI09,"Padi Janger Logawa 4 X 5 kg*",27/7/2026,600,A2600008,14/03/2026,1
27/2/2026,26000170B,QJAGU87,"Jagung NK 212 BTGT 20 X 1 kg",9/2/2027,16000,850984646,14/03/2026,1
27/2/2026,26000171B,QSAWI06,"Sawi Majapahit 12 X 15 X 25 gr*",27/1/2027,1800,SJP2602-0696,14/03/2026,1
27/2/2026,26000172B,QSAWI06,"Sawi Majapahit 12 X 15 X 25 gr*",27/1/2027,180,SJP2602-0697,14/03/2026,1
27/2/2026,26000173B,QCABE63,"Cabe Darmais F1 12 X 15 X 10 gr",9/8/2027,360,SJP2602-0709,14/03/2026,1
27/2/2026,26000174B,QKACA22,"Kacang Panjang Lambardo 30 X 500 gr",27/3/2027,300,SJP2602-0780,14/03/2026,1
27/2/2026,26000175B,QKACA22,"Kacang Panjang Lambardo 30 X 500 gr",27/3/2027,30,SJP2602-0780,14/03/2026,1
27/2/2026,26000176B,QJAGU112,"Jagung P27 Lumigen 20 X 1 kg",18/11/2026,5000,PS000610,14/03/2026,1
27/2/2026,26000177B,QJAGU94,"Jagung NK 7328 BTGT 20 X 1 kg",9/2/2027,2000,850986934,14/03/2026,1
27/2/2026,26000178B,QJAGU94,"Jagung NK 7328 BTGT 20 X 1 kg",9/2/2027,6000,850986933,14/03/2026,1
27/2/2026,26000178B,QJAGU87,"Jagung NK 212 BTGT 20 X 1 kg",9/2/2027,5280,850986933,14/03/2026,1
27/2/2026,26000178B,QJAGU13,"Jagung NK 212 20 X 1 kg",1/2/2027,2720,850986933,14/03/2026,1
27/2/2026,26000179B,QJAGU112,"Jagung P27 Lumigen 20 X 1 kg",18/11/2026,3940,PS000612,14/03/2026,1
27/2/2026,26000179B,QJAGU112,"Jagung P27 Lumigen 20 X 1 kg",18/11/2026,1060,PS000612,14/03/2026,1
28/2/2026,26000180B,QJAGU13,"Jagung NK 212 20 X 1 kg",16/2/2027,13280,850984174,14/03/2026,1
28/2/2026,26000181B,QTIMU34,"Timun Cordova F1 20 X 6 X 20 gr",1/7/2027,120,1152023724,14/03/2026,1
28/2/2026,26000181B,QCABE59,"Cabe Iggo Tavi F1 20 X 12 X 2000 biji",27/7/2027,100,1152023724,14/03/2026,1
28/2/2026,26000181B,QMELO26,"Melon Amanda Tavi F1 20 X 10 X 550 biji",1/8/2027,2000,1152023724,14/03/2026,1
28/2/2026,26000181B,QBUNC02,"Buncis Lebat-3 40 X 500 gr",1/6/2027,200,1152023724,14/03/2026,1
28/2/2026,26000182B,QJAGU87,"Jagung NK 212 BTGT 20 X 1 kg",9/2/2027,16000,850989391,14/03/2026,1
28/2/2026,26000183B,QJAGU87,"Jagung NK 212 BTGT 20 X 1 kg",9/2/2027,3880,850989381,14/03/2026,1
28/2/2026,26000183B,QJAGU87,"Jagung NK 212 BTGT 20 X 1 kg",9/2/2027,11840,850989381,14/03/2026,1
28/2/2026,26000184B,QJAGU87,"Jagung NK 212 BTGT 20 X 1 kg",9/2/2027,3720,850989399,14/03/2026,1
28/2/2026,26000184B,QJAGU87,"Jagung NK 212 BTGT 20 X 1 kg",9/2/2027,12280,850989399,14/03/2026,1
28/2/2026,26000185Bk,QKACA23,"Kacang Panjang Balga 100 X 100 gr",1/2/2028,300,SJ,14/03/2026,1
2/3/2026,26000186B,QCABE63,"Cabe Darmais F1 12 X 15 X 10 gr",18/8/2027,720,SJP2602-0864,14/03/2026,1
2/3/2026,26000187B,QSMK24,"Smk. Madrid F1 12 X 10 X 20 gr*",26/5/2027,360,SJP2602-0883,14/03/2026,1
2/3/2026,26000188B,QTIMU29,"Timun Semi F1 12 X 10 X 20 gr*",18/8/2027,600,SJP2602-0877,14/03/2026,1
2/3/2026,26000189B,QTIMU29,"Timun Semi F1 12 X 10 X 20 gr*",24/8/2027,1080,SJP2602-0841,14/03/2026,1
2/3/2026,26000189B,QTIMU29,"Timun Semi F1 12 X 10 X 20 gr*",24/8/2027,120,SJP2602-0841,14/03/2026,1
2/3/2026,26000190B,QCABE77,"Cabe Damara F1 12 X 15 X 10 gr",6/8/2027,177,SJP2603-0004,14/03/2026,1
3/3/2026,26000191B,QPADI22,"Padi Janger Inpari-32 4 X 5 kg*",4/7/2026,800,A2600009,14/03/2026,1
3/3/2026,26000192B,CKANG03,"Kangkung Shanghai 20 X 1 kg",19/5/2027,14,"SJP2602-0648 SHIP TO KALSEL",14/03/2026,1
3/3/2026,26000192B,CKANG03,"Kangkung Shanghai 20 X 1 kg",14/7/2027,53,"SJP2602-0648 SHIP TO KALSEL",14/03/2026,1
3/3/2026,26000192B,CKANG03,"Kangkung Shanghai 20 X 1 kg",28/5/2027,33,"SJP2602-0648 SHIP TO KALSEL",14/03/2026,1
3/3/2026,26000192B,CLABU02,"Labu Samina F1 12 X 10 X 20 gr",9/2/2027,240,"SJP2602-0648 SHIP TO KALSEL",14/03/2026,1
3/3/2026,26000192B,CPARE01,"Pare Hokian F1 12 X 10 X 20 gr",2/2/2027,120,"SJP2602-0648 SHIP TO KALSEL",14/03/2026,1
3/3/2026,26000192B,CTERO02,"Terong Kenari 12 X 15 X 10 gr",24/6/2027,180,"SJP2602-0648 SHIP TO KALSEL",14/03/2026,1
4/3/2026,26000193B,QJAGU29,"Jagung NK 7328 20 X 1 kg",16/2/2027,16000,850993118,14/03/2026,1
4/3/2026,26000194B,QJAGU29,"Jagung NK 7328 20 X 1 kg",16/2/2027,16000,850991345,14/03/2026,1
5/3/2026,26000195B,QJAGU104,"Jagung Manis Exsotic F1 40 X 1750 biji",1/11/2026,4000,DO-S/2026/01971,14/03/2026,1
5/3/2026,26000196B,QJAGU29,"Jagung NK 7328 20 X 1 kg",16/2/2027,3140,850995089,14/03/2026,1
5/3/2026,26000196B,QJAGU29,"Jagung NK 7328 20 X 1 kg",16/2/2027,12860,850995089,14/03/2026,1
5/3/2026,26000197B,QJAGU13,"Jagung NK 212 20 X 1 kg",16/2/2027,13040,850991342,14/03/2026,1
5/3/2026,26000197B,QJAGU13,"Jagung NK 212 20 X 1 kg",16/2/2027,2960,850991342,14/03/2026,1
5/3/2026,26000198B,QJAGU13,"Jagung NK 212 20 X 1 kg",16/2/2027,6540,850993095,14/03/2026,1
5/3/2026,26000198B,QJAGU13,"Jagung NK 212 20 X 1 kg",16/2/2027,9460,850993095,14/03/2026,1
5/3/2026,26000199B,QJAGU29,"Jagung NK 7328 20 X 1 kg",16/2/2027,8000,850995088,14/03/2026,1
5/3/2026,26000200B,QJAGU94,"Jagung NK 7328 BTGT 20 X 1 kg",9/2/2027,8000,850995087,14/03/2026,1
6/3/2026,26000201B,QJAGU29,"Jagung NK 7328 20 X 1 kg",16/2/2027,8100,850998521,14/03/2026,1
6/3/2026,26000201B,QJAGU29,"Jagung NK 7328 20 X 1 kg",16/2/2027,7900,850998521,14/03/2026,1
6/3/2026,26000202B,QMELO11,"Melon Jumbo F1 12 X 10 X 20 gr",24/8/2027,360,SJP2603-0185,14/03/2026,1
6/3/2026,26000203B,QTIMU29,"Timun Semi F1 12 X 10 X 20 gr*",3/9/2027,600,SJP2603-0087,14/03/2026,1
6/3/2026,26000204B,QTIMU29,"Timun Semi F1 12 X 10 X 20 gr*",2/9/2027,600,SJP2603-0060,14/03/2026,1
6/3/2026,26000205B,QJAGU87,"Jagung NK 212 BTGT 20 X 1 kg",1/3/2027,16000,850998531,14/03/2026,1
6/3/2026,26000206B,QTIMU29,"Timun Semi F1 12 X 10 X 20 gr*",2/9/2027,21,SJP2603-0186,14/03/2026,1
6/3/2026,26000206B,QTIMU29,"Timun Semi F1 12 X 10 X 20 gr*",24/8/2027,680,SJP2603-0186,14/03/2026,1
6/3/2026,26000206B,QTIMU29,"Timun Semi F1 12 X 10 X 20 gr*",3/9/2027,69,SJP2603-0186,14/03/2026,1
6/3/2026,26000206B,QTIMU29,"Timun Semi F1 12 X 10 X 20 gr*",3/9/2027,53,SJP2603-0186,14/03/2026,1
6/3/2026,26000206B,QTIMU29,"Timun Semi F1 12 X 10 X 20 gr*",3/9/2027,26,SJP2603-0186,14/03/2026,1
7/3/2026,26000207B,QJAGU87,"Jagung NK 212 BTGT 20 X 1 kg",2/3/2027,16000,851003309,14/03/2026,1
7/3/2026,26000208B,QSEED01,"Smk. Seedless F1 Classic 20 X 6 X 20 gr",1/9/2027,1200,1152023926,14/03/2026,1
7/3/2026,26000209B,QKUBI03,"Kubis Green Nova 100 X 10 X 20 ml",1/5/2027,5000,SJ,14/03/2026,1
7/3/2026,26000210B,QJAGU13,"Jagung NK 212 20 X 1 kg",5/3/2027,16000,851003218,14/03/2026,1
9/3/2026,26000211B,QJAGU13,"Jagung NK 212 20 X 1 kg",5/3/2027,16000,851003822,14/03/2026,1
9/3/2026,26000212B,QJAGU13,"Jagung NK 212 20 X 1 kg",5/3/2027,560,851003819,14/03/2026,1
9/3/2026,26000212B,QJAGU13,"Jagung NK 212 20 X 1 kg",5/3/2027,15440,851003819,14/03/2026,1
2/2/2026,26000213,QKNO303,"KNO3 Putih P Tani 15 X 2 kg",1/1/2029,3750,S/2601/93596,14/03/2026,1
11/3/2026,26000213B,QJAGU78,"Jagung DK 9209C 20 X 1 kg",20/8/2026,1960,6128068010,14/03/2026,1
11/3/2026,26000213B,QJAGU78,"Jagung DK 9209C 20 X 1 kg",29/9/2026,40,6128068010,14/03/2026,1
2/2/2026,26000214,QMKP01,"MKP 20 X 1 kg",1/1/2029,2000,S/2601/93637,14/03/2026,1
11/3/2026,26000214B,QJAGU94,"Jagung NK 7328 BTGT 20 X 1 kg",9/2/2027,1400,851008844,14/03/2026,1
11/3/2026,26000214B,QJAGU94,"Jagung NK 7328 BTGT 20 X 1 kg",6/3/2027,14600,851008844,14/03/2026,1
2/2/2026,26000215,QBMJ01,"BM Jamurlang 300 EC 40 X 250 ml*",1/12/2030,1960,802009776,14/03/2026,1
11/3/2026,26000215B,QJAGU95,"Jagung Bisi 235 20 X 1 kg",13/2/2027,2087,1152024158,14/03/2026,1
11/3/2026,26000215B,QJAGU95,"Jagung Bisi 235 20 X 1 kg",2/2/2027,3913,1152024158,14/03/2026,1
11/3/2026,26000216Bk,QTIMU35,"Timun Saemi F1 12 X 12 X 20 gr",1/2/2028,432,1811,14/03/2026,1
2/2/2026,26000216k,QKLOP03,"Kloper 500 SL 40 X 250 ml*",1/1/2031,2000,SJANT2026011023,14/03/2026,1
2/2/2026,26000217,QFORS02,"Forsil 20 X 500 ml*",1/12/2030,100,SJ26010293,14/03/2026,1
2/2/2026,26000217,QFORS02,"Forsil 20 X 500 ml*",1/1/2031,400,SJ26010293,14/03/2026,1
11/3/2026,26000217B,QCABE71,"Cabe Sret 500 gr",1/1/1000,1,SJP2603-0246,14/03/2026,1
11/3/2026,26000217B,QSAWI32,"Sawi Dora 500 gr",1/1/1000,1,SJP2603-0246,14/03/2026,1
11/3/2026,26000217B,QTERO18,"Terong Bungo 500 gr",1/1/1000,1,SJP2603-0246,14/03/2026,1
2/2/2026,26000218,QMETI07,"Metindo 40 SP 40 X 400 gr",1/10/2030,2640,SJ25100244,14/03/2026,1
2/2/2026,26000218,QMETI03,"Metindo 25 WP 10 X 10 X 100 gr*",1/7/2030,3700,SJ25100244,14/03/2026,1
2/2/2026,26000218,QMETI05,"Metindo 25 WP 40 X 250 gr*",1/9/2030,1400,SJ25100244,14/03/2026,1
11/3/2026,26000218B,QCABE63,"Cabe Darmais F1 12 X 15 X 10 gr",28/8/2027,426,SJP2603-0223,14/03/2026,1
11/3/2026,26000218B,QCABE63,"Cabe Darmais F1 12 X 15 X 10 gr",28/8/2027,22,SJP2603-0223,14/03/2026,1
11/3/2026,26000218B,QCABE63,"Cabe Darmais F1 12 X 15 X 10 gr",2/9/2027,34,SJP2603-0223,14/03/2026,1
11/3/2026,26000218B,QCABE63,"Cabe Darmais F1 12 X 15 X 10 gr",28/8/2027,58,SJP2603-0223,14/03/2026,1
2/2/2026,26000219,QQIUO02,"Qiuonol 50 x 100 ml",1/1/2030,987,"22 (PENGGANTI PRA260008/REPACKING)",14/03/2026,1
11/3/2026,26000219B,QTIMU29,"Timun Semi F1 12 X 10 X 20 gr*",9/9/2027,600,SJP2603-0385,14/03/2026,1
2/2/2026,26000220,QGAND01,"Gandasil B 144 X 100 gr",1/10/2028,72000,026/0126/M,14/03/2026,1
2/2/2026,26000220,QGAND02,"Gandasil B 24 X 500 gr",1/12/2028,24000,026/0126/M,14/03/2026,1
2/2/2026,26000220,QGAND04,"Gandasil D 24 X 500 gr",1/12/2028,12000,026/0126/M,14/03/2026,1
12/3/2026,26000220B,QJAGU94,"Jagung NK 7328 BTGT 20 X 1 kg",6/3/2027,5000,851006692,14/03/2026,1
2/2/2026,26000221,QDEKA03,"Dekamon 22.43 L 12 X 1 ltr",1/4/2028,204,027/0126/M,14/03/2026,1
2/2/2026,26000221,QDEKA01,"Dekamon 22.43 L 20 X 500 ml",1/11/2028,2000,027/0126/M,14/03/2026,1
2/2/2026,26000221,QDEKA03,"Dekamon 22.43 L 12 X 1 ltr",1/1/2029,96,027/0126/M,14/03/2026,1
12/3/2026,26000221B,QJAGU17,"Jagung Pertiwi 3 20 X 1 kg",1/2/2027,1306,DO-S/2026/02166,14/03/2026,1
12/3/2026,26000221B,QJAGU17,"Jagung Pertiwi 3 20 X 1 kg",1/2/2027,3694,DO-S/2026/02166,14/03/2026,1
2/2/2026,26000222,QLOYA01,"Loyant 25 EC 20 X 500 ml",1/11/2028,6180,80966597,14/03/2026,1
12/3/2026,26000222B,QJAGU52,"Jagung Pertiwi 5 20 X 1 kg",1/2/2027,586,DO-S/2026/02165,14/03/2026,1
12/3/2026,26000222B,QJAGU52,"Jagung Pertiwi 5 20 X 1 kg",1/2/2027,414,DO-S/2026/02165,14/03/2026,1
2/2/2026,26000223,QBEST06,"Bestar 200 SL 20 X 1 ltr",1/1/2031,1800,DO/0001/0126/0896,14/03/2026,1
2/2/2026,26000223,QGIBA02,"Gibas 240 SL 4 X 5 ltr*",1/12/2030,160,DO/0001/0126/0896,14/03/2026,1
2/2/2026,26000223,QBEST06,"Bestar 200 SL 20 X 1 ltr",1/1/2031,400,DO/0001/0126/0896,14/03/2026,1
2/2/2026,26000223,QBEST06,"Bestar 200 SL 20 X 1 ltr",1/1/2031,2800,DO/0001/0126/0896,14/03/2026,1
12/3/2026,26000223B,QJAGU87,"Jagung NK 212 BTGT 20 X 1 kg",2/3/2027,15260,851013457,14/03/2026,1
12/3/2026,26000223B,QJAGU87,"Jagung NK 212 BTGT 20 X 1 kg",26/2/2027,740,851013457,14/03/2026,1
3/2/2026,26000224,QEMAC03,"Emacel 30 EC 20 X 500 ml*",1/12/2028,5000,8924837544,14/03/2026,1
12/3/2026,26000224B,QJAGU94,"Jagung NK 7328 BTGT 20 X 1 kg",6/3/2027,7060,851013437,14/03/2026,1
12/3/2026,26000224B,QJAGU94,"Jagung NK 7328 BTGT 20 X 1 kg",8/3/2027,8940,851013437,14/03/2026,1
3/2/2026,26000225,QPRIM31,"Prima-Kuat 276 SL 4 X 5 ltr*",1/1/2031,1000,8SA2600325,14/03/2026,1
3/2/2026,26000225,QPRIM35,"Prima-Best 150 SL 20 X 1 ltr",1/12/2030,1000,8SA2600325,14/03/2026,1
12/3/2026,26000225B,QJAGU87,"Jagung NK 212 BTGT 20 X 1 kg",26/2/2027,16000,851013444,14/03/2026,1
12/3/2026,26000226B,QJAGU94,"Jagung NK 7328 BTGT 20 X 1 kg",6/3/2027,1100,SYN-KIU1203,14/03/2026,1
12/3/2026,26000226B,QJAGU94,"Jagung NK 7328 BTGT 20 X 1 kg",6/3/2027,4800,SYN-KIU1203,14/03/2026,1
12/3/2026,26000226B,QJAGU94,"Jagung NK 7328 BTGT 20 X 1 kg",6/3/2027,5000,SYN-KIU1203,14/03/2026,1
12/3/2026,26000226B,QJAGU94,"Jagung NK 7328 BTGT 20 X 1 kg",6/3/2027,5100,SYN-KIU1203,14/03/2026,1
3/2/2026,26000226k,QZESS01,"Zessnoit 60 WP 100 X 100 gr",1/4/2029,3000,014/BBL/TTB/I/2026,14/03/2026,1
3/2/2026,26000227,QMUTU02,"Mutual 25/25 WP 40 X 250 gr*",1/9/2030,400,014/BBL/TTB/I/2026,14/03/2026,1
3/2/2026,26000227A,QMUTU01,"Mutual 25/25 WP 100 X 100 gr*",1/3/2030,5000,014/BBL/TTB/I/2026,14/03/2026,1
3/2/2026,26000227A,QMUTU02,"Mutual 25/25 WP 40 X 250 gr*",1/9/2030,4000,014/BBL/TTB/I/2026,14/03/2026,1
12/3/2026,26000227B,QJAGU29,"Jagung NK 7328 20 X 1 kg",16/2/2027,2780,851010871,14/03/2026,1
12/3/2026,26000227B,QJAGU29,"Jagung NK 7328 20 X 1 kg",16/2/2027,60,851010871,14/03/2026,1
12/3/2026,26000227B,QJAGU29,"Jagung NK 7328 20 X 1 kg",1/3/2027,13160,851010871,14/03/2026,1
3/2/2026,26000228,QBAME03,"Bamex 18 EC 20 X 200 ml (M2U)",1/1/2029,500,2601022,14/03/2026,1
3/2/2026,26000228,QBAME01,"Bamex 18 EC 100 X 50 ml (M2U)",1/1/2029,500,2601022,14/03/2026,1
3/2/2026,26000228,QBAME04,"Bamex 18 EC 50 X 100 ml (M2U)",1/1/2029,1350,2601022,14/03/2026,1
3/2/2026,26000228A,QSARU02,"Sarung Atlas",1/1/1000,258,2601022,14/03/2026,1
12/3/2026,26000228B,QJAGU112,"Jagung P27 Lumigen 20 X 1 kg",18/11/2026,1462,PS000669,14/03/2026,1
12/3/2026,26000228B,QJAGU112,"Jagung P27 Lumigen 20 X 1 kg",18/11/2026,8538,PS000669,14/03/2026,1
3/2/2026,26000229,QTIEZ02,"Tiezene 80 WP 40 X 500 gr",1/1/2029,1200,"AJL/I/2026/029 SHIP TO FAST",14/03/2026,1
13/3/2026,26000229B,QJAGU29,"Jagung NK 7328 20 X 1 kg",1/3/2027,8000,851014600,14/03/2026,1
3/2/2026,26000230,QMKP01,"MKP 20 X 1 kg",1/1/2029,13000,S/2601/93637,14/03/2026,1
13/3/2026,26000230B,QJAGU29,"Jagung NK 7328 20 X 1 kg",6/3/2027,16000,851014604,14/03/2026,1
3/2/2026,26000231,QZNUR01,"ZNURECOTE 50 kg  ",1/1/2029,148,S/2601/93302,14/03/2026,1
13/3/2026,26000231B,QJAGU13,"Jagung NK 212 20 X 1 kg",16/2/2027,60,851014531,14/03/2026,1
13/3/2026,26000231B,QJAGU13,"Jagung NK 212 20 X 1 kg",5/3/2027,10880,851014531,14/03/2026,1
13/3/2026,26000231B,QJAGU13,"Jagung NK 212 20 X 1 kg",5/3/2027,5060,851014531,14/03/2026,1
3/2/2026,26000232,QAVID01,"Avidor 25 WP 4 X 25 X 100 gr",1/1/2031,40000,P/2512/34355,14/03/2026,1
13/3/2026,26000232B,QJAGU29,"Jagung NK 7328 20 X 1 kg",1/3/2027,2640,851014603,14/03/2026,1
13/3/2026,26000232B,QJAGU29,"Jagung NK 7328 20 X 1 kg",8/3/2027,7040,851014603,14/03/2026,1
13/3/2026,26000232B,QJAGU29,"Jagung NK 7328 20 X 1 kg",6/3/2027,6320,851014603,14/03/2026,1
3/2/2026,26000233,QKNO301,"KNO3 Merah P Tani 15 X 2 kg",1/1/2029,3735,S/2601/93596,14/03/2026,1
13/3/2026,26000233B,QMELO26,"Melon Amanda Tavi F1 20 X 10 X 550 biji",4/9/2027,5552,1152024347,14/03/2026,1
13/3/2026,26000233B,QMELO26,"Melon Amanda Tavi F1 20 X 10 X 550 biji",5/9/2027,9448,1152024347,14/03/2026,1
3/2/2026,26000234,QBLAS01,"Blast 200 SC 20 X 500 ml",1/12/2029,3060,SH02A-260100078,14/03/2026,1
13/3/2026,26000234B,QJAGU94,"Jagung NK 7328 BTGT 20 X 1 kg",6/3/2027,40,851015055,14/03/2026,1
13/3/2026,26000234B,QJAGU94,"Jagung NK 7328 BTGT 20 X 1 kg",6/3/2027,60,851015055,14/03/2026,1
13/3/2026,26000234B,QJAGU94,"Jagung NK 7328 BTGT 20 X 1 kg",6/3/2027,260,851015055,14/03/2026,1
13/3/2026,26000234B,QJAGU94,"Jagung NK 7328 BTGT 20 X 1 kg",6/3/2027,15640,851015055,14/03/2026,1
3/2/2026,26000235,QNATI02,"Nativo 75 WG 100 X 50 gr",1/1/2029,50000,6128067143,14/03/2026,1
13/3/2026,26000235B,QJAGU87,"Jagung NK 212 BTGT 20 X 1 kg",5/3/2027,2260,851015025,14/03/2026,1
13/3/2026,26000235B,QJAGU87,"Jagung NK 212 BTGT 20 X 1 kg",2/3/2027,2060,851015025,14/03/2026,1
13/3/2026,26000235B,QJAGU87,"Jagung NK 212 BTGT 20 X 1 kg",2/3/2027,11680,851015025,14/03/2026,1
3/2/2026,26000236,QETHR02,"Ethrel 480 SL 100 X 100 ml",1/1/2031,10000,6128067123,14/03/2026,1
3/2/2026,26000237,QGALL23,"Gallery 403 SL 10 X 1 ltr + SG.05 100 gr",1/1/2030,500,2601032,14/03/2026,1
3/2/2026,26000237,QOPLO03,"Oplosan 550/60 EC 20 X 400 ml",1/1/2030,540,2601032,14/03/2026,1
3/2/2026,26000237,QMRQL02,"Mr. Qlett 50 X 50 ml*",1/1/2029,500,2601032,14/03/2026,1
3/2/2026,26000237,QOPLO03,"Oplosan 550/60 EC 20 X 400 ml",1/1/2030,460,2601032,14/03/2026,1
3/2/2026,26000237,QWEND01,"Wendry 75 WP 20 X 500 gr (M2U)",1/1/2029,15000,2601032,14/03/2026,1
3/2/2026,26000237,QWEND01,"Wendry 75 WP 20 X 500 gr (M2U)",1/11/2028,1928,2601032,14/03/2026,1
3/2/2026,26000237A,QWEND01,"Wendry 75 WP 20 X 500 gr (M2U)",1/11/2028,12,2601032,14/03/2026,1
4/2/2026,26000238,QPUPU04,"Pupuk Fosfat 50 kg MPS*",1/1/2028,300,001/SJ-MPS/BGH/II/26,14/03/2026,1
4/2/2026,26000239,QZAPA01,"ZA Pak Tani 50 kg",1/9/2028,120,S/2601/92633,14/03/2026,1
4/2/2026,26000240,QPRIM29,"Prima-Lima 555 SL 20 X 1 ltr + 1 pack Penta-Furon 5 gr",1/12/2029,7000,8SA2600374,14/03/2026,1
4/2/2026,26000241,QCALC03,"Calcium D-Diana 20 X 1 kg*",1/1/2031,5300,"40.02.2026 (bonus program tahunan tahun 2025 tahap 2)",14/03/2026,1
5/2/2026,26000242,QBENA01,"Benang Pe mlg*",1/1/1000,5000,3/II/26,14/03/2026,1
5/2/2026,26000243,QSOFI04,"Sofia 200/70/30 OD 8 X 1 ltr*",1/1/2031,400,DO.2026.01.00083,14/03/2026,1
6/2/2026,26000244,QDECI02,"Decis 25 EC 100 X 50 ml",1/2/2030,19600,6128067219,14/03/2026,1
6/2/2026,26000244,QDECI02,"Decis 25 EC 100 X 50 ml",1/1/2030,400,6128067219,14/03/2026,1
6/2/2026,26000245,QCONF02,"Confidor 200 SL 100 X 60 ml",1/1/2030,6000,6128067205,14/03/2026,1
6/2/2026,26000246,QSIKL02,"Siklon 5.7 WG 4 X 40 X 25 gr*",1/1/2031,20640,"25/26 001891 -01",14/03/2026,1
6/2/2026,26000246,QSIKL02,"Siklon 5.7 WG 4 X 40 X 25 gr*",1/11/2030,6720,"25/26 001891 -01",14/03/2026,1
6/2/2026,26000246,QSIKL02,"Siklon 5.7 WG 4 X 40 X 25 gr*",1/8/2030,96,"25/26 001891 -01",14/03/2026,1
6/2/2026,26000247,QGIBG04,"Gibgro 20 T 25 X 10 X 5 gr",1/1/2031,8900,"25/26 001887 -02",14/03/2026,1
6/2/2026,26000248,QSINE02,"Sinergy 300 EC 40 X 250 ml",1/1/2031,4440,"25/26 001890 -02",14/03/2026,1
6/2/2026,26000249,QGIBA02,"Gibas 240 SL 4 X 5 ltr*",1/12/2030,16,DO/0001/0226/0049,14/03/2026,1
6/2/2026,26000249,QKRES05,"Kresnatop 500 SC 4 X 5 ltr",1/1/2031,40,DO/0001/0226/0049,14/03/2026,1
6/2/2026,26000249,QKRES01,"Kresnadan 3G 10 X 2 kg",1/1/2031,460,DO/0001/0226/0049,14/03/2026,1
6/2/2026,26000250,QKUPR02,"Kuproxat 345 SC 40 X 200 ml",1/1/2031,3920,"25/26 001889 -02",14/03/2026,1
6/2/2026,26000250A,QKUPR01,"Kuproxat 345 SC 20 X 500 ml",1/2/2031,3990,"25/26 001889 -02",14/03/2026,1
6/2/2026,26000250A,QKUPR01,"Kuproxat 345 SC 20 X 500 ml",1/1/2031,780,"25/26 001889 -02",14/03/2026,1
6/2/2026,26000251,QCHAM02,"Champion 77 WP 14 X 1 kg",1/9/2030,909,25/26-000105-05,14/03/2026,1
6/2/2026,26000252,QBION02,"Bionik 400 EC 20 X 500 ml*",1/1/2031,2340,DO/0001/0226/0048,14/03/2026,1
6/2/2026,26000253,QCURA04,"Curaterr 3 GR 10 X 2 kg",1/1/1000,2650,"119/FNC-SJ/GDJASCO/2/2026/Quota SHIP TO KEP",14/03/2026,1
6/2/2026,26000254,QBEST07,"Bestani OK 300 SL 20 X 1 ltr",1/1/2031,1880,SJR/0226/0012,14/03/2026,1
6/2/2026,26000254A,QGRAN04,"Grandally 25 WP 5 gr",1/1/1000,2180,SJR/0226/0012,14/03/2026,1
6/2/2026,26000254A,QMAGI02,"Magicxone 138 SL 4 X 5 ltr",1/1/2031,200,SJR/0226/0012,14/03/2026,1
6/2/2026,26000254A,QPASS01,"Passxone 276 SL 20 X 1 ltr*",1/1/2031,300,SJR/0226/0012,14/03/2026,1
6/2/2026,26000255,QBION03,"Bionik 400 EC 50 X 100 ml*",1/2/2031,10300,DO/0001/0226/0161,14/03/2026,1
6/2/2026,26000256,QTANG08,"Tangki Yoto 6 X 5 ltr",1/1/1000,234,12600042,14/03/2026,1
6/2/2026,26000256A,QTANG12,"Tangki Yoto 15 X 2 ltr",1/1/1000,405,12600042,14/03/2026,1
6/2/2026,26000256B,QTANG51,"Tangki Dragon Star 16 ltr baterai (Hijau)*",1/1/1000,300,12600042,14/03/2026,1
7/2/2026,26000257,QZNUR01,"ZNURECOTE 50 kg  ",1/1/2029,92,S/2601/93302,14/03/2026,1
7/2/2026,26000258,QAMUR02,"Amuron 70 EC 40 X 250 ml*",1/1/2031,800,SJ010338,14/03/2026,1
7/2/2026,26000259,QAGUS01,"Agus 500 SC 100 X 100 ml*",1/1/2029,5000,SJ010362,14/03/2026,1
7/2/2026,26000260,QMETS01,"Metsulindo Plus 80 WP 8 X 25 X 40 gr*",1/12/2027,5800,SJ26010587,14/03/2026,1
7/2/2026,26000260,QMETS01,"Metsulindo Plus 80 WP 8 X 25 X 40 gr*",1/11/2027,6400,SJ26010587,14/03/2026,1
7/2/2026,26000260,QMETS01,"Metsulindo Plus 80 WP 8 X 25 X 40 gr*",1/11/2027,8000,SJ26010587,14/03/2026,1
7/2/2026,26000260,QMETS01,"Metsulindo Plus 80 WP 8 X 25 X 40 gr*",1/11/2027,8000,SJ26010587,14/03/2026,1
7/2/2026,26000260,QMETS01,"Metsulindo Plus 80 WP 8 X 25 X 40 gr*",1/11/2027,8000,SJ26010587,14/03/2026,1
7/2/2026,26000260,QMETS01,"Metsulindo Plus 80 WP 8 X 25 X 40 gr*",1/12/2027,20000,SJ26010587,14/03/2026,1
7/2/2026,26000260,QMETS01,"Metsulindo Plus 80 WP 8 X 25 X 40 gr*",1/11/2027,8000,SJ26010587,14/03/2026,1
7/2/2026,26000260,QMETS01,"Metsulindo Plus 80 WP 8 X 25 X 40 gr*",1/12/2027,20000,SJ26010587,14/03/2026,1
7/2/2026,26000261,QMETS01,"Metsulindo Plus 80 WP 8 X 25 X 40 gr*",1/12/2027,20000,SJ26010587,14/03/2026,1
7/2/2026,26000261,QMETS01,"Metsulindo Plus 80 WP 8 X 25 X 40 gr*",1/12/2027,10000,SJ26010587,14/03/2026,1
7/2/2026,26000261,QMETS01,"Metsulindo Plus 80 WP 8 X 25 X 40 gr*",1/12/2027,8400,SJ26010587,14/03/2026,1
7/2/2026,26000261,QMETS01,"Metsulindo Plus 80 WP 8 X 25 X 40 gr*",1/12/2027,14200,SJ26010587,14/03/2026,1
7/2/2026,26000262,QATAM01,"Atamit 20/25 WP 20 X 200 gr",1/8/2030,320,SI.2026.01.00854,14/03/2026,1
7/2/2026,26000262A,QATAM01,"Atamit 20/25 WP 20 X 200 gr",1/8/2030,280,SI.2026.01.00854,14/03/2026,1
7/2/2026,26000263,QMANZ01,"Manzate 82 WP 10 X 1 kg",1/1/2029,5000,8924839254,14/03/2026,1
7/2/2026,26000263A,QMANZ01,"Manzate 82 WP 10 X 1 kg",1/1/1000,5000,,14/03/2026,1
7/2/2026,26000264,QMANZ01,"Manzate 82 WP 10 X 1 kg",1/1/2029,3400,8924839254,14/03/2026,1
7/2/2026,26000265,QNPKN02,"NPK Novatec 12-12-17 25 kg*",1/2/2030,1400,802009843,14/03/2026,1
9/2/2026,26000266,QROUN01,"Round Up 486 SL 12 X 1 ltr",1/1/2031,12000,25/26-000816-03,14/03/2026,1
9/2/2026,26000267,QRIDO02,"Ridomil Gold 350 ES 4 X 20 X 12.5 ml",1/8/2027,2800,1810712986,14/03/2026,1
9/2/2026,26000268,QMATC01,"Match 50 EC 50 X 100 ml",1/6/2027,1250,1810700798,14/03/2026,1
9/2/2026,26000269,QALIK01,"Alika 247 ZC 100 X 50 ml",1/10/2027,10000,1810700807,14/03/2026,1
9/2/2026,26000269,QCURA02,"Curacron 500 EC 40 X 250 ml",1/1/2027,880,1810700807,14/03/2026,1
9/2/2026,26000270,QMATA04,"Matador 25 EC 40 X 250 ml",1/12/2027,2000,1810700810,14/03/2026,1
9/2/2026,26000270,QMATA02,"Matador 25 EC 100 X 50 ml",1/12/2027,7800,1810700810,14/03/2026,1
9/2/2026,26000270,QMATA02,"Matador 25 EC 100 X 50 ml",1/2/2028,2200,1810700810,14/03/2026,1
9/2/2026,26000271,QMATA03,"Matador 25 EC 100 X 80 ml",1/12/2027,200,1810700810,14/03/2026,1
9/2/2026,26000271,QMATA03,"Matador 25 EC 100 X 80 ml",1/12/2027,500,1810700810,14/03/2026,1
9/2/2026,26000271,QMATA03,"Matador 25 EC 100 X 80 ml",1/12/2027,9300,1810700810,14/03/2026,1
9/2/2026,26000271,QMATA04,"Matador 25 EC 40 X 250 ml",1/12/2027,2000,1810700810,14/03/2026,1
9/2/2026,26000272,QRIDO04,"Ridomil Gold MZ 4/64 WG 20 X 500 gr",1/5/2028,800,1810714109,14/03/2026,1
9/2/2026,26000273,QCUPR01,"Cuprinomat 24 X 500 ml",1/12/2029,936,1810700813,14/03/2026,1
9/2/2026,26000273,QCUPR01,"Cuprinomat 24 X 500 ml",1/12/2029,2928,1810700813,14/03/2026,1
9/2/2026,26000273,QCUPR01,"Cuprinomat 24 X 500 ml",1/12/2029,648,1810700813,14/03/2026,1
9/2/2026,26000273,QCUPR01,"Cuprinomat 24 X 500 ml",1/12/2029,3600,1810700813,14/03/2026,1
9/2/2026,26000273A,QCUPR01,"Cuprinomat 24 X 500 ml",1/1/1000,8112,,14/03/2026,1
9/2/2026,26000274,QCUPR01,"Cuprinomat 24 X 500 ml",1/12/2029,408,1810688718,14/03/2026,1
9/2/2026,26000275,QPLEN02,"Plenum 50 WG 12 X 10 X 25 gr",1/10/2027,48840,1810700820,14/03/2026,1
9/2/2026,26000275,QPLEN02,"Plenum 50 WG 12 X 10 X 25 gr",1/10/2027,23160,1810700820,14/03/2026,1
9/2/2026,26000276,QPLEN02,"Plenum 50 WG 12 X 10 X 25 gr",1/10/2027,12000,1810702030,14/03/2026,1
9/2/2026,26000277,QPEGA01,"Pegasus 500 SC 50 X 80 ml",1/10/2029,10000,1810702023,14/03/2026,1
9/2/2026,26000278,QAGRI07,"Agrimec 18 EC 40 X 250 ml",1/9/2027,40,001/RETURN/II/26,14/03/2026,1
9/2/2026,26000279,CAMCO04,"Amcoxone 276 SL 20 X 1 ltr (Coklat)",15/3/2027,1000,"260101/AMF/I/2026 SHIP TO KALSEL",14/03/2026,1
9/2/2026,26000279,CAMCO01,"Amcoxone 276 SL 20 ltr (Coklat)",28/11/2028,150,"260101/AMF/I/2026 SHIP TO KALSEL",14/03/2026,1
9/2/2026,26000279,CAMCO02,"Amcoxone 276 SL 4 X 5 ltr (Coklat)",22/1/2029,400,"260101/AMF/I/2026 SHIP TO KALSEL",14/03/2026,1
9/2/2026,26000279,CGLUF01,"Glufa 200 SL 20 X 1 ltr",7/1/2030,5000,"260101/AMF/I/2026 SHIP TO KALSEL",14/03/2026,1
10/2/2026,26000280,QINSU02,"Insure Max 510 FS 200 ltr",1/9/2030,1,6215797065,14/03/2026,1
10/2/2026,26000280A,QINSU02,"Insure Max 510 FS 200 ltr",1/1/1000,1,,14/03/2026,1
10/2/2026,26000281,QCHIE02,"Chief 480 SL 4 X 5 ltr*",1/1/2031,40,016/AIC/MJS/II/2026,14/03/2026,1
10/2/2026,26000282,QMACE01,"Macerio 52 WP 20 X 500 gr",1/11/2030,2100,019/JAI/MJS/II/2026,14/03/2026,1
10/2/2026,26000283,QMETI01,"Metindo 40 SP 10 X 10 X 100 gr",1/1/2031,5700,SJ26010226,14/03/2026,1
10/2/2026,26000283,QMETI01,"Metindo 40 SP 10 X 10 X 100 gr",1/12/2030,4800,SJ26010226,14/03/2026,1
10/2/2026,26000283,QMETI01,"Metindo 40 SP 10 X 10 X 100 gr",1/12/2030,9500,SJ26010226,14/03/2026,1
10/2/2026,26000284,QNEOC01,"Neocron 80 OL 20 X 500 ml*",1/11/2030,3840,SJ25110415,14/03/2026,1
10/2/2026,26000284,QNEOC01,"Neocron 80 OL 20 X 500 ml*",1/11/2030,5760,SJ25110415,14/03/2026,1
10/2/2026,26000285,QMAES02,"Maestro 200 EC 20 X 500 ml",1/10/2030,10000,DO-2026-00134,14/03/2026,1
10/2/2026,26000285,QMAES01,"Maestro 200 EC 10 X 1 ltr",1/1/2031,2000,DO-2026-00134,14/03/2026,1
10/2/2026,26000286,QMACE01,"Macerio 52 WP 20 X 500 gr",1/11/2030,3900,018/JAI/MJS/II/2026,14/03/2026,1
10/2/2026,26000287,QSANG04,"Sangit 50 EC 20 X 1 ltr",1/11/2030,400,SGI-26020019,14/03/2026,1
10/2/2026,26000287,QSANG04,"Sangit 50 EC 20 X 1 ltr",1/5/2030,500,SGI-26020019,14/03/2026,1
10/2/2026,26000287,QSANG04,"Sangit 50 EC 20 X 1 ltr",1/8/2030,100,SGI-26020019,14/03/2026,1
10/2/2026,26000288,QMETA11,"Metachlor 550/100 EC 25 X 400 ml*",1/11/2030,2500,SGI-26020021,14/03/2026,1
10/2/2026,26000289,QREAC06,"ReAktif 490 SL 4 X 5 ltr",1/10/2030,200,SGI-26020020,14/03/2026,1
10/2/2026,26000289,QREAC02,"ReAktif 490 SL 20 X 1 ltr",1/11/2030,2000,SGI-26020020,14/03/2026,1
10/2/2026,26000289,QREAC01,"ReAktif 490 SL 20 ltr",1/11/2030,100,SGI-26020020,14/03/2026,1
10/2/2026,26000289,QASTA05,"Astana 60 WP 50 X 100 gr*",1/12/2030,1250,SGI-26020020,14/03/2026,1
10/2/2026,26000289,QMETA12,"Metachlor 550/100 EC 100 X 100 ml*",1/12/2030,10000,SGI-26020020,14/03/2026,1
10/2/2026,26000289,QMONE01,"Money 865 SL 20 X 400 ml*",1/10/2030,800,SGI-26020020,14/03/2026,1
10/2/2026,26000289,QREAC02,"ReAktif 490 SL 20 X 1 ltr",1/10/2030,1000,SGI-26020020,14/03/2026,1
10/2/2026,26000289,QHEXA07,"Hexacar 50/50 SC 25 X 500 ml*",1/1/2031,1250,SGI-26020020,14/03/2026,1
10/2/2026,26000289,QACEO02,"Ace-One 75 SP 25 X 400 gr*",1/1/2031,1975,SGI-26020020,14/03/2026,1
10/2/2026,26000289,QACEO04,"Ace-One 75 SP 50 X 100 gr*",1/11/2030,2500,SGI-26020020,14/03/2026,1
10/2/2026,26000289,QPROG02,"Progressive 50 SC 50 X 100 ml*",1/11/2030,1250,SGI-26020020,14/03/2026,1
10/2/2026,26000289,QHEXA04,"Hexacar 50/50 SC 20 X 1 ltr*",1/11/2030,2000,SGI-26020020,14/03/2026,1
10/2/2026,26000289,QMETA11,"Metachlor 550/100 EC 25 X 400 ml*",1/11/2030,3750,SGI-26020020,14/03/2026,1
10/2/2026,26000289,QACEO02,"Ace-One 75 SP 25 X 400 gr*",1/4/2030,525,SGI-26020020,14/03/2026,1
10/2/2026,26000289,QMONE06,"Money 865 SL 20 X 1 ltr*",1/4/2030,700,SGI-26020020,14/03/2026,1
11/2/2026,26000290,QTUNT03,"Tuntas 300/100 SL 20 X 1 ltr",1/2/2031,5000,DO/0001/0226/0298,14/03/2026,1
11/2/2026,26000291,QBENA03,"Benabel Plus 120/35 SC 48 X 250 ml",1/12/2030,1200,8000133497,14/03/2026,1
11/2/2026,26000291,QBENA02,"Benabel Plus 120/35 SC 64 X 100 ml",1/12/2030,640,8000133497,14/03/2026,1
11/2/2026,26000292,QAMAB01,"Amabas 500 EC 16 X 1 ltr*",1/2/2031,32,DO/0001/0226/0336,14/03/2026,1
11/2/2026,26000292,QKRES01,"Kresnadan 3G 10 X 2 kg",1/2/2031,500,DO/0001/0226/0336,14/03/2026,1
11/2/2026,26000292,QGIBA02,"Gibas 240 SL 4 X 5 ltr*",1/2/2031,24,DO/0001/0226/0336,14/03/2026,1
11/2/2026,26000292,QKRES05,"Kresnatop 500 SC 4 X 5 ltr",1/2/2031,160,DO/0001/0226/0336,14/03/2026,1
11/2/2026,26000292,QQIUM06,"Qiumex 36 EC 40 X 250 ml*",1/2/2031,1000,DO/0001/0226/0336,14/03/2026,1
11/2/2026,26000293,QAMAB01,"Amabas 500 EC 16 X 1 ltr*",1/2/2031,720,DO/0001/0226/0335,14/03/2026,1
11/2/2026,26000294,QNOVL01,"Novlect 100/20 EC 20 X 500 ml",1/12/2028,8800,80967840,14/03/2026,1
11/2/2026,26000294,QNOVL01,"Novlect 100/20 EC 20 X 500 ml",1/1/2029,1500,80967840,14/03/2026,1
10/2/2026,26000295,CPOLY06,"Polybag 15/30 X 30 cm",1/1/1000,1500,"079/SJ/SBP-KARA-26 SHIP TO KALSEL",14/03/2026,1
10/2/2026,26000295,CPOLY13,"Polybag 12.5/25 X 30 cm",1/1/1000,225,"079/SJ/SBP-KARA-26 SHIP TO KALSEL",14/03/2026,1
10/2/2026,26000295,CPOLY02,"Polybag 7.5/15 X 15 cm",1/1/1000,500,"079/SJ/SBP-KARA-26 SHIP TO KALSEL",14/03/2026,1
10/2/2026,26000295,CPOLY14,"Polybag 15/30 X 40 cm",1/1/1000,500,"079/SJ/SBP-KARA-26 SHIP TO KALSEL",14/03/2026,1
10/2/2026,26000295A,CPOLY03,"Polybag 10/20 X 25 cm",1/1/1000,25,"079/SJ/SBP-KARA-26 SHIP TO KALSEL",14/03/2026,1
10/2/2026,26000296,CBABL04,"Bablass 490 SL 20 X 500 ml + Metsul 5 gr",1/1/2031,1000,"DO/0001/0126/0788 SHIP TO KALSEL",14/03/2026,1
10/2/2026,26000296,CGEMA02,"Gemaxone 276 SL 20 ltr + 20 pack Metsul 5 gr",1/12/2030,96,"DO/0001/0126/0788 SHIP TO KALSEL",14/03/2026,1
10/2/2026,26000296,CBABL02,"Bablass 490 SL 20 ltr + 20 pack Metsul 5 gr",1/12/2030,100,"DO/0001/0126/0788 SHIP TO KALSEL",14/03/2026,1
10/2/2026,26000296,CVIAR01,"Viaron 80 WP 10 X 1 kg",1/1/2031,250,"DO/0001/0126/0788 SHIP TO KALSEL",14/03/2026,1
10/2/2026,26000296,CBABL03,"Bablass 490 SL 20 X 1 ltr + 1 pack Metsul 5 gr",1/1/2031,800,"DO/0001/0126/0788 SHIP TO KALSEL",14/03/2026,1
10/2/2026,26000296,CBABL03,"Bablass 490 SL 20 X 1 ltr + 1 pack Metsul 5 gr",1/1/2031,1200,"DO/0001/0126/0788 SHIP TO KALSEL",14/03/2026,1
10/2/2026,26000296,CBABL01,"Bablass 490 SL 4 X 5 ltr + 5 pack Metsul 5 gr",1/1/2031,84,"DO/0001/0126/0788 SHIP TO KALSEL",14/03/2026,1
10/2/2026,26000296,CBABL01,"Bablass 490 SL 4 X 5 ltr + 5 pack Metsul 5 gr",1/1/2031,156,"DO/0001/0126/0788 SHIP TO KALSEL",14/03/2026,1
10/2/2026,26000296,CGEMA02,"Gemaxone 276 SL 20 ltr + 20 pack Metsul 5 gr",1/11/2030,57,"DO/0001/0126/0788 SHIP TO KALSEL",14/03/2026,1
10/2/2026,26000296,CGEMA03,"Gemaxone 276 SL 20 X 1 ltr + Metsul 5 gr",1/11/2030,880,"DO/0001/0126/0788 SHIP TO KALSEL",14/03/2026,1
10/2/2026,26000296,CGEMA02,"Gemaxone 276 SL 20 ltr + 20 pack Metsul 5 gr",1/11/2030,22,"DO/0001/0126/0788 SHIP TO KALSEL",14/03/2026,1
10/2/2026,26000296,CGEMA03,"Gemaxone 276 SL 20 X 1 ltr + Metsul 5 gr",1/12/2030,3120,"DO/0001/0126/0788 SHIP TO KALSEL",14/03/2026,1
10/2/2026,26000296,CGEMA01,"Gemaxone 276 SL 20 X 500 ml + Metsul 5 gr",1/9/2030,1000,"DO/0001/0126/0788 SHIP TO KALSEL",14/03/2026,1
11/2/2026,26000297,QTUNT03,"Tuntas 300/100 SL 20 X 1 ltr",1/2/2031,5000,DO/0001/0226/0302,14/03/2026,1
12/2/2026,26000298,QMUL103,"Mulsa Ori Gajah 0.3 60 cm X 9 kg (Roll)*",1/1/1000,75,KIU/001/II/26,14/03/2026,1
12/2/2026,26000298,QMUL137,"Mulsa Ori Gajah 0.3 60 cm X 18 kg (Roll) + Kaos*",1/1/1000,100,KIU/001/II/26,14/03/2026,1
12/2/2026,26000298,QMUL136,"Mulsa Ori Gajah 0.3 50 cm X 18 kg (Roll) + Kaos*",1/1/1000,30,KIU/001/II/26,14/03/2026,1
12/2/2026,26000299,QDECI02,"Decis 25 EC 100 X 50 ml",1/2/2030,2000,6128067294,14/03/2026,1
12/2/2026,26000299,QDECI01,"Decis 25 EC 100 X 100 ml",1/2/2030,5000,6128067294,14/03/2026,1
12/2/2026,26000299,QDECI01,"Decis 25 EC 100 X 100 ml",1/2/2030,38800,6128067294,14/03/2026,1
12/2/2026,26000300,QCONF02,"Confidor 200 SL 100 X 60 ml",1/1/2030,2000,6128067213,14/03/2026,1
12/2/2026,26000301,QDECI03,"Decis 25 EC 20 X 500 ml",1/1/2030,1000,6128067345,14/03/2026,1
12/2/2026,26000302,QRICE04,"Ricestar Xtra 89 OD 40 X 250 ml",1/5/2027,4000,6128067258,14/03/2026,1
12/2/2026,26000302,QBELT03,"Belt Expert 480 SC 20 X 250 ml",1/8/2028,500,6128067258,14/03/2026,1
12/2/2026,26000302,QLUNA03,"Luna Smart 250/250 SC 50 X 100 ml",1/11/2027,500,6128067258,14/03/2026,1
12/2/2026,26000302,QSIVA03,"Sivanto Prime 200 SL 50 X 100 ml",1/10/2026,500,6128067258,14/03/2026,1
12/2/2026,26000303,QGOLD01,"Gold Star 250 EC 40 X 250 ml",1/10/2030,320,26-00004205,14/03/2026,1
12/2/2026,26000303,QGOLD01,"Gold Star 250 EC 40 X 250 ml",1/1/2031,3680,26-00004205,14/03/2026,1
12/2/2026,26000304,QNOVL01,"Novlect 100/20 EC 20 X 500 ml",1/1/2029,7940,80967841,14/03/2026,1
12/2/2026,26000304,QNOVL01,"Novlect 100/20 EC 20 X 500 ml",1/1/2029,2360,80967841,14/03/2026,1
13/2/2026,26000305,QMETS01,"Metsulindo Plus 80 WP 8 X 25 X 40 gr*",1/12/2027,26000,SJ26010587,14/03/2026,1
13/2/2026,26000305,QMETS01,"Metsulindo Plus 80 WP 8 X 25 X 40 gr*",1/11/2027,10000,SJ26010587,14/03/2026,1
13/2/2026,26000306,QNEOC01,"Neocron 80 OL 20 X 500 ml*",1/11/2030,4000,SJ25120089,14/03/2026,1
13/2/2026,26000307,QKNO303,"KNO3 Putih P Tani 15 X 2 kg",1/2/2029,3750,S/2601/93596,14/03/2026,1
13/2/2026,26000307,QKNO301,"KNO3 Merah P Tani 15 X 2 kg",1/2/2029,3765,S/2601/93596,14/03/2026,1
13/2/2026,26000308,QMKP01,"MKP 20 X 1 kg",1/1/2029,15600,S/2601/93637,14/03/2026,1
13/2/2026,26000309k,QPUPU18,"Pupuk MagneWish Powder 50 kg",1/1/2027,60,29/SJ/PPIC/II/2026,14/03/2026,1
13/2/2026,26000310k,QPUPU16,"Pupuk MagneWish Powder 10 kg",1/1/2027,300,28/SJ/PPIC/II/2026,14/03/2026,1
13/2/2026,26000311,QGWVI03,"GW Vit B1+B6 100 X 100 ml*",1/7/2031,5500,DO/U/2026/0022,14/03/2026,1
13/2/2026,26000312,QGAND02,"Gandasil B 24 X 500 gr",1/12/2028,12000,014/0226/M,14/03/2026,1
13/2/2026,26000312,QGAND01,"Gandasil B 144 X 100 gr",1/11/2028,36000,014/0226/M,14/03/2026,1
13/2/2026,26000312,QGAND04,"Gandasil D 24 X 500 gr",1/1/2029,12000,014/0226/M,14/03/2026,1
13/2/2026,26000312,QGAND03,"Gandasil D 144 X 100 gr",1/11/2028,108000,014/0226/M,14/03/2026,1
13/2/2026,26000313,QPRIM33,"Prima-Clink 40 X 250 ml*",1/1/2031,1200,8SA2600449,14/03/2026,1
13/2/2026,26000314,QPOWE04,"Powersorb Max 550 SL 20 X 1 ltr",1/1/2031,2000,8SA2600450,14/03/2026,1
13/2/2026,26000315k,QMEGA14,"Megaloman 30 EC 40 X 250 ml*",1/1/2029,1080,DO.2026.02.00002,14/03/2026,1
14/2/2026,26000316k,QMEGA14,"Megaloman 30 EC 40 X 250 ml*",1/1/2029,2000,DO.2026.02.00007,14/03/2026,1
14/2/2026,26000317,QMEXD12,"Mexdone 36 EC 20 X 500 ml (Logo Protego)",1/1/2029,380,"AJL/II/2026/051 SHIP TO FAST",14/03/2026,1
14/2/2026,26000318,QKUPR01,"Kuproxat 345 SC 20 X 500 ml",1/1/2031,6300,"25/26 001989 -02",14/03/2026,1
14/2/2026,26000318,QCHAM02,"Champion 77 WP 14 X 1 kg",1/2/2031,3108,"25/26 001989 -02",14/03/2026,1
14/2/2026,26000319,QCHAM02,"Champion 77 WP 14 X 1 kg",1/2/2031,169,"25/26 001988 -02",14/03/2026,1
14/2/2026,26000320,QGRAN04,"Grandally 25 WP 5 gr",1/1/1000,820,SJR/0226/0078,14/03/2026,1
14/2/2026,26000320,QPASS01,"Passxone 276 SL 20 X 1 ltr*",1/1/2031,200,SJR/0226/0078,14/03/2026,1
14/2/2026,26000320A,QGRAN04,"Grandally 25 WP 5 gr",1/1/1000,2180,SJR/0226/0078,14/03/2026,1
14/2/2026,26000320A,QPASS01,"Passxone 276 SL 20 X 1 ltr*",1/1/2031,2800,SJR/0226/0078,14/03/2026,1
13/2/2026,26000321,CMULS03,"Mulsa HP Karisma Super (Madya) 120 X 18 kg",1/1/1000,2700,"SJ SHIP TO KALSEL",14/03/2026,1
13/2/2026,26000321,CMULS04,"Mulsa HP Karisma Super (Madya) 120 X 9 kg",1/1/1000,450,"SJ SHIP TO KALSEL",14/03/2026,1
13/2/2026,26000321,CMULS05,"Mulsa HP Karisma Super (Madya) 120 x 5.5 kg",1/1/1000,550,"SJ SHIP TO KALSEL",14/03/2026,1
16/2/2026,26000322,QTALI06,"Tali Gawar 989 40 X 600 gr*",1/1/1000,8320,7/II/26,14/03/2026,1
16/2/2026,26000323,QAGUS02,"Agus 500 SC 40 X 250 ml*",1/1/2029,4000,SJ010368,14/03/2026,1
18/2/2026,26000324,QLIDI03,"Liding 240 EC 48 X 200 ml*",1/7/2030,1200,8000134818,14/03/2026,1
18/2/2026,26000324,QLIDI03,"Liding 240 EC 48 X 200 ml*",1/9/2030,3600,8000134818,14/03/2026,1
18/2/2026,26000325,QSPRA47,"Sprayer Ultra Elektrik New 16 ltr Type 4",1/1/1000,100,"266 DO 0389 TA",14/03/2026,1
18/2/2026,26000325,QSPRA39,"Sprayer Ultra Elektrik New 16 ltr Type 3",1/1/1000,100,"266 DO 0389 TA",14/03/2026,1
18/2/2026,26000325,QSPRA44,"Sprayer Elektrik Joeragan Tipe 3 16 L Battery ",1/1/1000,100,"266 DO 0389 TA",14/03/2026,1
18/2/2026,26000326,QSCOR03,"Score 250 EC 50 X 80 ml",1/12/2027,20950,1810700813,14/03/2026,1
18/2/2026,26000326,QSCOR03,"Score 250 EC 50 X 80 ml",1/12/2027,26250,1810700813,14/03/2026,1
18/2/2026,26000327,QAMIS01,"Amistartop 325 SC 100 X 50 ml",1/9/2028,10000,1810702028,14/03/2026,1
18/2/2026,26000328,QCUPR01,"Cuprinomat 24 X 500 ml",1/1/2030,240,1810700813,14/03/2026,1
18/2/2026,26000328,QCUPR01,"Cuprinomat 24 X 500 ml",1/1/2030,3600,1810700813,14/03/2026,1
18/2/2026,26000328,QCUPR01,"Cuprinomat 24 X 500 ml",1/1/2030,2376,1810700813,14/03/2026,1
18/2/2026,26000328,QCUPR01,"Cuprinomat 24 X 500 ml",1/1/2030,3672,1810700813,14/03/2026,1
18/2/2026,26000328,QCUPR01,"Cuprinomat 24 X 500 ml",1/2/2030,2400,1810700813,14/03/2026,1
18/2/2026,26000329,QAMIS01,"Amistartop 325 SC 100 X 50 ml",1/9/2028,20000,1810700795,14/03/2026,1
18/2/2026,26000330,QPEGA01,"Pegasus 500 SC 50 X 80 ml",1/10/2029,10000,1810708461,14/03/2026,1
18/2/2026,26000331,QAGRI07,"Agrimec 18 EC 40 X 250 ml",1/12/2027,11560,1810700798,14/03/2026,1
18/2/2026,26000331,QAGRI07,"Agrimec 18 EC 40 X 250 ml",1/12/2027,4440,1810700798,14/03/2026,1
18/2/2026,26000332,QMATA03,"Matador 25 EC 100 X 80 ml",1/1/2028,2900,1810718135,14/03/2026,1
18/2/2026,26000332,QMATA03,"Matador 25 EC 100 X 80 ml",1/1/2028,7100,1810718135,14/03/2026,1
18/2/2026,26000332,QMATC01,"Match 50 EC 50 X 100 ml",1/6/2027,1500,1810718135,14/03/2026,1
19/2/2026,26000333,QNEOC01,"Neocron 80 OL 20 X 500 ml*",1/11/2030,60,SJ25120161,14/03/2026,1
19/2/2026,26000333,QNEOC01,"Neocron 80 OL 20 X 500 ml*",1/12/2030,5380,SJ25120161,14/03/2026,1
19/2/2026,26000334,QPINA07,"Pinamec 20 EC 20 X 500 ml (Logo Protego)*",1/2/2031,1000,"039/JAI/MJS/II/2026 Ship to FAST",14/03/2026,1
19/2/2026,26000335,QMETS01,"Metsulindo Plus 80 WP 8 X 25 X 40 gr*",1/12/2027,1600,SJ26010587,14/03/2026,1
19/2/2026,26000335,QMETS01,"Metsulindo Plus 80 WP 8 X 25 X 40 gr*",1/12/2027,1600,SJ26010587,14/03/2026,1
19/2/2026,26000335,QMETS01,"Metsulindo Plus 80 WP 8 X 25 X 40 gr*",1/1/2028,6000,SJ26010587,14/03/2026,1
19/2/2026,26000335,QMETS01,"Metsulindo Plus 80 WP 8 X 25 X 40 gr*",1/12/2027,2000,SJ26010587,14/03/2026,1
19/2/2026,26000335,QMETS01,"Metsulindo Plus 80 WP 8 X 25 X 40 gr*",1/1/2028,2200,SJ26010587,14/03/2026,1
19/2/2026,26000335,QMETS01,"Metsulindo Plus 80 WP 8 X 25 X 40 gr*",1/1/2028,600,SJ26010587,14/03/2026,1
19/2/2026,26000335,QMETS01,"Metsulindo Plus 80 WP 8 X 25 X 40 gr*",1/12/2027,1600,SJ26010587,14/03/2026,1
19/2/2026,26000335,QMETS01,"Metsulindo Plus 80 WP 8 X 25 X 40 gr*",1/12/2027,1600,SJ26010587,14/03/2026,1
19/2/2026,26000335,QMETS01,"Metsulindo Plus 80 WP 8 X 25 X 40 gr*",1/11/2027,2000,SJ26010587,14/03/2026,1
19/2/2026,26000335,QMETS01,"Metsulindo Plus 80 WP 8 X 25 X 40 gr*",1/11/2027,5000,SJ26010587,14/03/2026,1
19/2/2026,26000335,QMETS01,"Metsulindo Plus 80 WP 8 X 25 X 40 gr*",1/11/2027,4000,SJ26010587,14/03/2026,1
19/2/2026,26000335,QMETS01,"Metsulindo Plus 80 WP 8 X 25 X 40 gr*",1/11/2027,1000,SJ26010587,14/03/2026,1
19/2/2026,26000335,QMETS01,"Metsulindo Plus 80 WP 8 X 25 X 40 gr*",1/12/2027,1600,SJ26010587,14/03/2026,1
19/2/2026,26000336,QDISP01,"Dispenser Miyako",1/1/1000,1,JL2602-0100088,14/03/2026,1
19/2/2026,26000337,CBENU01,"Ben Up 480 SL 20 X 1 ltr + 1 Pack Metaben 20 WG-5gr",1/1/2031,3000,"DO.2026.01.00048 SHIP TO KALSEL",14/03/2026,1
18/2/2026,26000338k,CBASR01,"Basrata 150 SL 20 X 1 ltr",1/12/2030,2000,"0118/02/26 SHIP TO KALSEL",14/03/2026,1
18/2/2026,26000339,CMETS03,"Metsulindo 20 WP 20 X 250 gr",1/1/2028,640,"SJ26010458 SHIP TO KALSEL",14/03/2026,1
18/2/2026,26000339,CMETS03,"Metsulindo 20 WP 20 X 250 gr",1/12/2027,640,"SJ26010458 SHIP TO KALSEL",14/03/2026,1
18/2/2026,26000339,CMETS03,"Metsulindo 20 WP 20 X 250 gr",1/1/2028,640,"SJ26010458 SHIP TO KALSEL",14/03/2026,1
18/2/2026,26000339,CMETS03,"Metsulindo 20 WP 20 X 250 gr",1/12/2027,180,"SJ26010458 SHIP TO KALSEL",14/03/2026,1
19/2/2026,26000340,CVIAR02,"Viaron 80 WP 40 X 250 gr",1/1/2031,1000,"DO/0001/0126/0962 SHIP TO KALSEL",14/03/2026,1
19/2/2026,26000340,CGEMA04,"Gemaxone 276 SL 4 X 5 ltr + Metsul 5 gr",1/11/2030,240,"DO/0001/0126/0962 SHIP TO KALSEL",14/03/2026,1
19/2/2026,26000340,CGEMA04,"Gemaxone 276 SL 4 X 5 ltr + Metsul 5 gr",1/11/2030,52,"DO/0001/0126/0962 SHIP TO KALSEL",14/03/2026,1
19/2/2026,26000340,CBABL03,"Bablass 490 SL 20 X 1 ltr + 1 pack Metsul 5 gr",1/1/2031,800,"DO/0001/0126/0962 SHIP TO KALSEL",14/03/2026,1
19/2/2026,26000340,CBABL03,"Bablass 490 SL 20 X 1 ltr + 1 pack Metsul 5 gr",1/1/2031,1200,"DO/0001/0126/0962 SHIP TO KALSEL",14/03/2026,1
18/2/2026,26000341k,CTERB03,"Terbas 490 SL 20 ltr",1/2/2031,150,"0030/02/26 SHIP TO KALSEL",14/03/2026,1
18/2/2026,26000341k,CTERB01,"Terbas 490 SL 20 X 1 ltr",1/2/2031,4000,"0030/02/26 SHIP TO KALSEL",14/03/2026,1
18/2/2026,26000341k,CTERB02,"Terbas 490 SL 4 X 5 ltr",1/2/2031,800,"0030/02/26 SHIP TO KALSEL",14/03/2026,1
20/2/2026,26000342,QMUL07,"Mulsa Ori Gajah 0.3 70 cm X 9 kg (Roll)*",1/1/1000,25,KIU/002/II/26,14/03/2026,1
20/2/2026,26000342,QMUL137,"Mulsa Ori Gajah 0.3 60 cm X 18 kg (Roll) + Kaos*",1/1/1000,50,KIU/002/II/26,14/03/2026,1
20/2/2026,26000342,QMUL138,"Mulsa Ori Gajah 0.3 70 cm X 18 kg (Roll) + Kaos",1/1/1000,50,KIU/002/II/26,14/03/2026,1
20/2/2026,26000343,QPRIM29,"Prima-Lima 555 SL 20 X 1 ltr + 1 pack Penta-Furon 5 gr",1/2/2031,7000,8SA260051,14/03/2026,1
20/2/2026,26000344,QMACE01,"Macerio 52 WP 20 X 500 gr",1/12/2030,4000,046/JAI/MJS/II/2026,14/03/2026,1
20/2/2026,26000345,QTUNT03,"Tuntas 300/100 SL 20 X 1 ltr",1/2/2031,5000,DO/0001/0226/0652,14/03/2026,1
20/2/2026,26000346,QTUNT03,"Tuntas 300/100 SL 20 X 1 ltr",1/2/2031,3380,DO/0001/0226/0640,14/03/2026,1
20/2/2026,26000346,QTUNT03,"Tuntas 300/100 SL 20 X 1 ltr",1/2/2031,1620,DO/0001/0226/0640,14/03/2026,1
20/2/2026,26000347,QINSU02,"Insure Max 510 FS 200 ltr",1/9/2030,1,6215819894,14/03/2026,1
20/2/2026,26000348,QGREE03,"Greenforce 12 X 1 ltr*",1/2/2031,612,DO.ABA.KIU.26.02.00026,14/03/2026,1
20/2/2026,26000348A,QGREE05,"Greenforce 20 X 500 ml*",1/2/2031,520,DO.ABA.KIU.26.02.00026,14/03/2026,1
20/2/2026,26000349Ak,QPUPU16,"Pupuk MagneWish Powder 10 kg",1/1/2027,1,41/SJ/PPIC/II/2026,14/03/2026,1
20/2/2026,26000349k,QPUPU16,"Pupuk MagneWish Powder 10 kg",1/1/2027,299,41/SJ/PIC/II/2026,14/03/2026,1
20/2/2026,26000350k,QPUPU18,"Pupuk MagneWish Powder 50 kg",1/1/2027,60,42/SJ/PPIC/II/2026,14/03/2026,1
20/2/2026,26000351,CTOPJ06,"Topjos 300 SL 20 ltr (Coklat) + 20 pack Metsul 5 gr",1/1/2031,25,"DO/0001/0226/0104 SHIP TO KALSEL",14/03/2026,1
20/2/2026,26000351A,CGEMA04,"Gemaxone 276 SL 4 X 5 ltr + Metsul 5 gr",1/1/2031,100,"DO/0001/0226/0105 SHIP TO KALSEL",14/03/2026,1
20/2/2026,26000351A,CGEMA04,"Gemaxone 276 SL 4 X 5 ltr + Metsul 5 gr",1/1/2031,808,"DO/0001/0226/0105 SHIP TO KALSEL",14/03/2026,1
20/2/2026,26000351A,CBABL01,"Bablass 490 SL 4 X 5 ltr + 5 pack Metsul 5 gr",1/1/2031,160,"DO/0001/0226/0105 SHIP TO KALSEL",14/03/2026,1
21/2/2026,26000352,QCABR01,"Cabrio 250 EC 24 X 250 ml",1/6/2030,4800,6215822770,14/03/2026,1
21/2/2026,26000353,QCABR02,"Cabrio 250 EC 48 X 100 ml",1/6/2030,4704,6215822771,14/03/2026,1
21/2/2026,26000353,QCABR02,"Cabrio 250 EC 48 X 100 ml",1/6/2030,2304,6215822771,14/03/2026,1
21/2/2026,26000353,QCABR02,"Cabrio 250 EC 48 X 100 ml",1/6/2030,192,6215822771,14/03/2026,1
21/2/2026,26000354,QCABR02,"Cabrio 250 EC 48 X 100 ml",1/6/2030,9600,6215822772,14/03/2026,1
21/2/2026,26000355,QORIO01,"Orion 50 WP 50 X 200 gr",1/1/2028,500,9562115992,14/03/2026,1
21/2/2026,26000355,QVICT02,"Victory 80 WP 20 X 1 kg",1/2/2028,700,9562115992,14/03/2026,1
21/2/2026,26000355,QVICT02,"Victory 80 WP 20 X 1 kg",1/2/2028,2040,9562115992,14/03/2026,1
20/2/2026,26000356,QULAT01,"UlatMat 50 X 100 ml",1/11/2029,2750,SCI/DO/2026-II/0011,14/03/2026,1
21/2/2026,26000357,QPUPU04,"Pupuk Fosfat 50 kg MPS*",1/2/2028,200,002/SJ-MPS/BGH/II/26,14/03/2026,1
21/2/2026,26000358,QOPTI03,"Optimus 200 SL 20 X 1 ltr",1/12/2030,500,9562115993,14/03/2026,1
21/2/2026,26000358,QSAMI01,"Samite 135 EC 50 X 250 ml",1/2/2031,250,9562115993,14/03/2026,1
21/2/2026,26000358,QSAMI02,"Samite 135 EC 50 X 100 ml",1/2/2031,250,9562115993,14/03/2026,1
21/2/2026,26000358,QVICT03,"Victory 75 WP 20 X 1 kg",1/2/2028,3540,9562115993,14/03/2026,1
21/2/2026,26000358,QVICT03,"Victory 75 WP 20 X 1 kg",1/2/2028,160,9562115993,14/03/2026,1
21/2/2026,26000358,QTRIS01,"Trisula 450 SL 20 X 500 ml",1/10/2030,120,9562115993,14/03/2026,1
21/2/2026,26000358,QTRIS01,"Trisula 450 SL 20 X 500 ml",1/12/2030,80,9562115993,14/03/2026,1
21/2/2026,26000359,QCOPC03,"Copcide 77 WP 40 X 400 gr",1/2/2028,680,9562115994,14/03/2026,1
21/2/2026,26000359,QCOPC02,"Copcide 77 WP 20 X 1 kg",1/1/2028,1100,9562115994,14/03/2026,1
21/2/2026,26000359,QCOPC03,"Copcide 77 WP 40 X 400 gr",1/2/2028,5080,9562115994,14/03/2026,1
21/2/2026,26000360,QCOPC03,"Copcide 77 WP 40 X 400 gr",1/2/2028,240,9562116023,14/03/2026,1
21/2/2026,26000361,QGARE01,"GA Recovery 20 X 500 ml*",1/12/2028,200,KKI/26/0586,14/03/2026,1
21/2/2026,26000361,QGARE01,"GA Recovery 20 X 500 ml*",1/1/2029,200,KKI/26/0586,14/03/2026,1
21/2/2026,26000362,QROUN01,"Round Up 486 SL 12 X 1 ltr",1/1/1000,12000,"25/26-000894-03 SHIP TO FAJAR TANI",14/03/2026,1
21/2/2026,26000363,CBENU02,"Ben Up 480 SL 4 X 5 ltr + 5 Pack Metaben 20 WG-5gr",1/1/2031,400,"DO.2026.01.00055 SHIP TO KALSEL",14/03/2026,1
21/2/2026,26000363,CBENU03,"Ben Up 480 SL 20 ltr + 20 Pack Metaben 20 WG-5gr",1/1/2031,150,"DO.2026.01.00055 SHIP TO KALSEL",14/03/2026,1
23/2/2026,26000364,QBAST03,"Bastnate 200 SL 12 X 1 ltr*",1/1/2031,6000,8000135482,14/03/2026,1
23/2/2026,26000365,QMETA07,"Metalik 15 X 500 ml",1/2/2031,1500,SJ.012/OMA/II/2026,14/03/2026,1
23/2/2026,26000366,QROUN01,"Round Up 486 SL 12 X 1 ltr",1/2/2031,12000,25/26-000900-03,14/03/2026,1
23/2/2026,26000367,QACRO03,"Acrobat 50 WP 20 X 6 X 40 gr",1/7/2028,6960,6215824513,14/03/2026,1
23/2/2026,26000367,QACRO03,"Acrobat 50 WP 20 X 6 X 40 gr",1/7/2028,11040,6215824513,14/03/2026,1
23/2/2026,26000368,QREGE03,"Regent 50 SC Red 80 X 50 ml",1/12/2027,8000,6215824502,14/03/2026,1
23/2/2026,26000369,QINSU01,"Insure Max 510 FS 2 X 50 X 25 ml",1/9/2030,20000,6215824406,14/03/2026,1
23/2/2026,26000370,QREGE09,"Regent 50 SC Red 24 X 250 ml",1/12/2027,6000,6215824550,14/03/2026,1
23/2/2026,26000371,QREGE09,"Regent 50 SC Red 24 X 250 ml",1/12/2027,6000,6215824546,14/03/2026,1
23/2/2026,26000372,QREGE02,"Regent 50 SC Red 48 X 100 ml",1/1/2028,12000,6215824541,14/03/2026,1
23/2/2026,26000373,QREGE02,"Regent 50 SC Red 48 X 100 ml",1/1/2028,12000,6215824539,14/03/2026,1
23/2/2026,26000374,QACRO01,"Acrobat 50 WP 16 X 20 X 10 gr",1/7/2028,24000,6215824510,14/03/2026,1
23/2/2026,26000375,QMULS20,"Mulsa Karisma 50 cm / 20 kg (Roll)",1/1/1000,150,SJ/26/II/00100,14/03/2026,1
23/2/2026,26000375,QMULS21,"Mulsa Karisma 60 cm / 20 kg (Roll)",1/1/1000,175,SJ/26/II/00100,14/03/2026,1
23/2/2026,26000375,QMULS22,"Mulsa Karisma 60 cm / 10 kg (Roll)",1/1/1000,100,SJ/26/II/00100,14/03/2026,1
23/2/2026,26000375,QMULS24,"Mulsa Karisma 50 cm / 10 kg (Roll)",1/1/1000,50,SJ/26/II/00100,14/03/2026,1
23/2/2026,26000376,QKUPR02,"Kuproxat 345 SC 40 X 200 ml",1/2/2031,8400,"25/26 002189 -02",14/03/2026,1
23/2/2026,26000377,QKUPR02,"Kuproxat 345 SC 40 X 200 ml",1/2/2031,120,"25/26 002188 -02",14/03/2026,1
23/2/2026,26000378,QKUPR01,"Kuproxat 345 SC 20 X 500 ml",1/2/2031,4200,"25/26 002193 -02",14/03/2026,1
23/2/2026,26000379,QPLEN01,"Plenum 50 WG 50 X 100 gr",1/12/2027,20000,1810700820,14/03/2026,1
23/2/2026,26000380,QPLEN01,"Plenum 50 WG 50 X 100 gr",1/12/2027,1600,1810702030,14/03/2026,1
23/2/2026,26000380,QPLEN01,"Plenum 50 WG 50 X 100 gr",1/12/2027,10200,1810702030,14/03/2026,1
23/2/2026,26000380,QPLEN01,"Plenum 50 WG 50 X 100 gr",1/12/2027,3200,1810702030,14/03/2026,1
23/2/2026,26000381,QPLEN01,"Plenum 50 WG 50 X 100 gr",1/12/2027,6750,1810700820,14/03/2026,1
23/2/2026,26000382,QAGRI07,"Agrimec 18 EC 40 X 250 ml",1/12/2027,760,1810718135,14/03/2026,1
23/2/2026,26000382,QAGRI07,"Agrimec 18 EC 40 X 250 ml",1/12/2027,3240,1810718135,14/03/2026,1
23/2/2026,26000383,QBION01,"Bion M 1/48 WP 20 X 500 gr",1/11/2027,320,1810700807,14/03/2026,1
23/2/2026,26000383,QBION01,"Bion M 1/48 WP 20 X 500 gr",1/11/2027,1080,1810700807,14/03/2026,1
23/2/2026,26000383,QBION01,"Bion M 1/48 WP 20 X 500 gr",1/11/2027,3600,1810700807,14/03/2026,1
23/2/2026,26000384,QORON01,"Orondis Opti 6/400 SC 20 X 500 ml",1/9/2030,1600,1810694474,14/03/2026,1
23/2/2026,26000385,QKUPR02,"Kuproxat 345 SC 40 X 200 ml",1/2/2031,3240,"25/26 002190 -02",14/03/2026,1
24/2/2026,26000386,QCALC02,"Calcium 99 20 X 1 kg*",1/2/2031,2000,17.002.2026,14/03/2026,1
24/2/2026,26000386,QDEWA01,"Dewa Dewi 15 X 1 ltr*",1/2/2031,1500,17.002.2026,14/03/2026,1
24/2/2026,26000386,QHARA01,"Hara Garuda 20 X 1 kg*",1/2/2031,1000,17.002.2026,14/03/2026,1
24/2/2026,26000386,QMANO02,"Manohara PPC 15 X 1 ltr",1/2/2031,150,17.002.2026,14/03/2026,1
24/2/2026,26000386,QMANO03,"Manohara Buah 15 X 1 ltr",1/2/2031,300,17.002.2026,14/03/2026,1
24/2/2026,26000386,QMANO04,"Manohara Buah 20 X 500 ml",1/2/2031,400,17.002.2026,14/03/2026,1
24/2/2026,26000387,QSPRA51,"Sprayer Gendong Elektrik DGW Knapsack 16 ltr",1/1/1000,157,SO/SAS/2026/0222,14/03/2026,1
24/2/2026,26000387,QSPRA52,"Sprayer Gendong Elektik DGW ECO.02 16 ltr",1/1/1000,263,SO/SAS/2026/0222,14/03/2026,1
24/2/2026,26000388,QSPRA39,"Sprayer Ultra Elektrik New 16 ltr Type 3",1/1/1000,100,"226 DO 0425 TA",14/03/2026,1
24/2/2026,26000388,QSPRA44,"Sprayer Elektrik Joeragan Tipe 3 16 L Battery ",1/1/1000,100,"226 DO 0425 TA",14/03/2026,1
24/2/2026,26000388,QSPRA47,"Sprayer Ultra Elektrik New 16 ltr Type 4",1/1/1000,100,"226 DO 0425 TA",14/03/2026,1
24/2/2026,26000389,QMANO01,"Manohara 20 X 1 kg*",1/2/2031,5400,16.02.2026,14/03/2026,1
24/2/2026,26000389,QYOUS01,"You Stick 15 X 1 ltr*",1/2/2031,375,16.02.2026,14/03/2026,1
24/2/2026,26000390,QMULS84,"Mulsa Karisma Q989 50 cm X 17 kg (Roll)*",1/1/1000,100,DO2603001828,14/03/2026,1
24/2/2026,26000390,QMULS85,"Mulsa Karisma Q989 60 cm X 17 kg (Roll)*",1/1/1000,200,DO2603001828,14/03/2026,1
24/2/2026,26000390,QMULS86,"Mulsa Karisma Q989 60 cm X 8 kg (Roll)*",1/1/1000,150,DO2603001828,14/03/2026,1
24/2/2026,26000390,QMULS89,"Mulsa Karisma Q989 50 cm X 8 kg (Roll)*",1/1/1000,100,DO2603001828,14/03/2026,1
24/2/2026,26000391,QBEST07,"Bestani OK 300 SL 20 X 1 ltr",1/2/2031,1120,SJR/0226/0124,14/03/2026,1
24/2/2026,26000391A,QGRAN04,"Grandally 25 WP 5 gr",1/1/1000,3320,SJR/0226/0124,14/03/2026,1
24/2/2026,26000391A,QPASS01,"Passxone 276 SL 20 X 1 ltr*",1/1/2031,2200,SJR/0226/0124,14/03/2026,1
24/2/2026,26000392,QDEKT02,"Dektin 30 WG 50 X 50 gr*",1/9/2028,250,KLT.FM-MKT.8.6.-03,14/03/2026,1
25/2/2026,26000393,QBAME01,"Bamex 18 EC 100 X 50 ml (M2U)",1/1/2029,4200,2602030,14/03/2026,1
25/2/2026,26000393,QBAME03,"Bamex 18 EC 20 X 200 ml (M2U)",1/1/2029,480,2602030,14/03/2026,1
25/2/2026,26000393,QBAME04,"Bamex 18 EC 50 X 100 ml (M2U)",1/1/2029,550,2602030,14/03/2026,1
25/2/2026,26000393,QBAME03,"Bamex 18 EC 20 X 200 ml (M2U)",1/1/2029,20,2602030,14/03/2026,1
25/2/2026,26000393,QBAME01,"Bamex 18 EC 100 X 50 ml (M2U)",1/1/2029,300,2602030,14/03/2026,1
25/2/2026,26000393,QBAME04,"Bamex 18 EC 50 X 100 ml (M2U)",1/1/2029,600,2602030,14/03/2026,1
25/2/2026,26000393A,QSARU03,"Sarung Tanwin",1/1/1000,440,2602030,14/03/2026,1
25/2/2026,26000394,QBAME03,"Bamex 18 EC 20 X 200 ml (M2U)",1/1/2029,500,2602031,14/03/2026,1
25/2/2026,26000394,QBAME01,"Bamex 18 EC 100 X 50 ml (M2U)",1/2/2029,2300,2602031,14/03/2026,1
25/2/2026,26000394,QBAME04,"Bamex 18 EC 50 X 100 ml (M2U)",1/2/2029,1250,2602031,14/03/2026,1
25/2/2026,26000394,QBAME01,"Bamex 18 EC 100 X 50 ml (M2U)",1/2/2029,200,2602031,14/03/2026,1
25/2/2026,26000394A,QSARU03,"Sarung Tanwin",1/1/1000,260,2602031,14/03/2026,1
25/2/2026,26000395k,QACTI05,"Activation 20 X 500 ml*",1/2/2029,840,000260/02/DO-RitelPest/26,14/03/2026,1
25/2/2026,26000395k,QACTI06,"Activation 20 X 1 ltr*",1/2/2029,840,000260/02/DO-RitelPest/26,14/03/2026,1
25/2/2026,26000396,QALFA04,"Alfatox 50 EC 50 X 80 ml*",1/2/2031,7400,SJAGM2602025,14/03/2026,1
25/2/2026,26000397,QROUN01,"Round Up 486 SL 12 X 1 ltr",1/2/2031,12000,25/26-000912-03,14/03/2026,1
25/2/2026,26000398,QTUNT03,"Tuntas 300/100 SL 20 X 1 ltr",1/2/2031,1800,DO/0001/0226/0844,14/03/2026,1
25/2/2026,26000398,QTUNT03,"Tuntas 300/100 SL 20 X 1 ltr",1/2/2031,800,DO/0001/0226/0844,14/03/2026,1
25/2/2026,26000398,QTUNT03,"Tuntas 300/100 SL 20 X 1 ltr",1/2/2031,2400,DO/0001/0226/0844,14/03/2026,1
25/2/2026,26000399,QMACE01,"Macerio 52 WP 20 X 500 gr",1/12/2030,2000,"047/JAI/MJS/II/2026 SHIP TO UNGGUL JAYA",14/03/2026,1
25/2/2026,26000400,QALAT15,"Alat Tanam Jagung 1 Output Satagro MTB-006 6 X 1 pcs",1/1/1000,600,SJ,14/03/2026,1
24/2/2026,26000401,QMACE01,"Macerio 52 WP 20 X 500 gr",1/12/2030,2000,"059/JAI/MJS/II/2026 SHIP TO SUMBER MAKMUR",14/03/2026,1
26/2/2026,26000402,QMETS01,"Metsulindo Plus 80 WP 8 X 25 X 40 gr*",1/1/2028,14400,SJ26020033,14/03/2026,1
26/2/2026,26000402,QMETS01,"Metsulindo Plus 80 WP 8 X 25 X 40 gr*",1/1/2028,200,SJ26020033,14/03/2026,1
26/2/2026,26000402,QMETS01,"Metsulindo Plus 80 WP 8 X 25 X 40 gr*",1/1/2028,2800,SJ26020033,14/03/2026,1
26/2/2026,26000402,QMETS01,"Metsulindo Plus 80 WP 8 X 25 X 40 gr*",1/1/2028,400,SJ26020033,14/03/2026,1
26/2/2026,26000402,QMETS01,"Metsulindo Plus 80 WP 8 X 25 X 40 gr*",1/1/2028,14400,SJ26020033,14/03/2026,1
26/2/2026,26000403,QBMJ01,"BM Jamurlang 300 EC 40 X 250 ml*",1/2/2031,2480,802009996,14/03/2026,1
26/2/2026,26000404,QAMPA01,"Ampang 240 SL 20 X 1 ltr*",1/2/2031,2500,SJR/0226/0141,14/03/2026,1
26/2/2026,26000404,QAMPA03,"Ampang 240 SL 4 X 5 ltr*",1/2/2031,200,SJR/0226/0141,14/03/2026,1
26/2/2026,26000404A,QPASS01,"Passxone 276 SL 20 X 1 ltr*",1/1/2031,440,SJR/0226/0141,14/03/2026,1
26/2/2026,26000404A,QPASS01,"Passxone 276 SL 20 X 1 ltr*",1/1/2031,560,SJR/0226/0141,14/03/2026,1
26/2/2026,26000404B,QBEST07,"Bestani OK 300 SL 20 X 1 ltr",1/2/2031,500,SJR/0226/0141,14/03/2026,1
26/2/2026,26000404C,QGRAN04,"Grandally 25 WP 5 gr",1/1/1000,500,SJR/0226/0141,14/03/2026,1
26/2/2026,26000404D,QGRAN04,"Grandally 25 WP 5 gr",1/1/1000,3000,SJR/0226/0141,14/03/2026,1
26/2/2026,26000404E,QGRAN04,"Grandally 25 WP 5 gr",1/1/1000,500,SJR/0226/0141,14/03/2026,1
26/2/2026,26000405,QUPRI02,"Uprise 20 X 250 ml*",1/1/2029,2200,1502,14/03/2026,1
26/2/2026,26000405A,QUPRI01,"Uprise 50 X 100 ml*",1/12/2028,5200,1502,14/03/2026,1
26/2/2026,26000406,QTHRO03,"Throne 250 EC 20 X 500 ml",1/2/2030,650,SH02A-260200047,14/03/2026,1
26/2/2026,26000407,QTHRO02,"Throne 250 EC 20 X 250 ml",1/1/2030,860,SH02A-260200059,14/03/2026,1
26/2/2026,26000407,QTHRO03,"Throne 250 EC 20 X 500 ml",1/2/2030,630,SH02A-260200059,14/03/2026,1
26/2/2026,26000408,QBLAS01,"Blast 200 SC 20 X 500 ml",1/1/2030,20,SH02A-260200073,14/03/2026,1
26/2/2026,26000408,QBLAS01,"Blast 200 SC 20 X 500 ml",1/12/2029,500,SH02A-260200073,14/03/2026,1
26/2/2026,26000408,QBLAS01,"Blast 200 SC 20 X 500 ml",1/12/2029,40,SH02A-260200073,14/03/2026,1
26/2/2026,26000408,QBLAS01,"Blast 200 SC 20 X 500 ml",1/12/2029,40,SH02A-260200073,14/03/2026,1
26/2/2026,26000409,QBLAS01,"Blast 200 SC 20 X 500 ml",1/12/2029,3360,SH02A-260200060,14/03/2026,1
26/2/2026,26000409,QMOSP02,"Mospilan 30 EC 20 X 400 ml",1/9/2028,820,SH02A-260200060,14/03/2026,1
26/2/2026,26000409,QMOSP02,"Mospilan 30 EC 20 X 400 ml",1/7/2029,180,SH02A-260200060,14/03/2026,1
26/2/2026,26000410,QALGO01,"Algojo 200/10/15 OD 20 X 500 ml",1/1/2030,2660,SH02A-260200058,14/03/2026,1
26/2/2026,26000411,QRAMB01,"Rambo Gold 480 SL 20 X 1 ltr",1/10/2030,100,26-00005576,14/03/2026,1
26/2/2026,26000411,QRAMB06,"Rambo Peak 550 SL 20 X 1 ltr",1/8/2030,100,26-00005576,14/03/2026,1
26/2/2026,26000412,QDECI01,"Decis 25 EC 100 X 100 ml",1/1/2030,6200,6128066736,14/03/2026,1
26/2/2026,26000412,QDECI05,"Decis 25 EC 40 X 250 ml",1/1/2030,3600,6128066736,14/03/2026,1
26/2/2026,26000412,QDECI05,"Decis 25 EC 40 X 250 ml",1/1/2030,8400,6128066736,14/03/2026,1
26/2/2026,26000412,QDECI03,"Decis 25 EC 20 X 500 ml",1/1/2030,1240,6128066736,14/03/2026,1
26/2/2026,26000412,QDECI03,"Decis 25 EC 20 X 500 ml",1/1/2030,2760,6128066736,14/03/2026,1
26/2/2026,26000412,QDECI02,"Decis 25 EC 100 X 50 ml",1/1/2030,23200,6128066736,14/03/2026,1
26/2/2026,26000412,QDECI02,"Decis 25 EC 100 X 50 ml",1/1/2030,10000,6128066736,14/03/2026,1
26/2/2026,26000413,QDECI02,"Decis 25 EC 100 X 50 ml",1/2/2030,4800,6128067344,14/03/2026,1
26/2/2026,26000414,QPREV04,"Previcur N 722SL 20 X 500 ml",1/2/2029,2780,6128067618,14/03/2026,1
26/2/2026,26000414,QBAYC01,"Baycarb 500 EC 20 X 500 ml",1/8/2027,500,6128067618,14/03/2026,1
26/2/2026,26000415,QCONF02,"Confidor 200 SL 100 X 60 ml",1/1/2030,2500,6128067573,14/03/2026,1
26/2/2026,26000416,QCABR02,"Cabrio 250 EC 48 X 100 ml",1/6/2030,8400,6215832824,14/03/2026,1
26/2/2026,26000417,QCABR02,"Cabrio 250 EC 48 X 100 ml",1/6/2030,8400,6215832811,14/03/2026,1
26/2/2026,26000418,QCABR01,"Cabrio 250 EC 24 X 250 ml",1/6/2030,3600,6215832836,14/03/2026,1
26/2/2026,26000419,QCABR01,"Cabrio 250 EC 24 X 250 ml",1/6/2030,4800,6215832803,14/03/2026,1
26/2/2026,26000420,QCABR01,"Cabrio 250 EC 24 X 250 ml",1/6/2030,1440,6215832834,14/03/2026,1
26/2/2026,26000420,QCABR01,"Cabrio 250 EC 24 X 250 ml",1/6/2030,3360,6215832834,14/03/2026,1
26/2/2026,26000421,QTUNT03,"Tuntas 300/100 SL 20 X 1 ltr",1/2/2031,340,DO/0001/0226/0845,14/03/2026,1
26/2/2026,26000421,QTUNT03,"Tuntas 300/100 SL 20 X 1 ltr",1/2/2031,1700,DO/0001/0226/0845,14/03/2026,1
26/2/2026,26000421,QTUNT03,"Tuntas 300/100 SL 20 X 1 ltr",1/2/2031,460,DO/0001/0226/0845,14/03/2026,1
26/2/2026,26000421,QTUNT03,"Tuntas 300/100 SL 20 X 1 ltr",1/2/2031,2500,DO/0001/0226/0845,14/03/2026,1
27/2/2026,26000422,QSARU03,"Sarung Tanwin",1/1/1000,90,2602048,14/03/2026,1
26/2/2026,26000423,QROUN01,"Round Up 486 SL 12 X 1 ltr",1/1/1000,12000,"25/26-000924-03 SHIP TO KENCANA TANI",14/03/2026,1
27/2/2026,26000424,QBAYC01,"Baycarb 500 EC 20 X 500 ml",1/8/2027,6000,6128067677,14/03/2026,1
27/2/2026,26000425,QBAYC01,"Baycarb 500 EC 20 X 500 ml",1/8/2027,1200,6128067676,14/03/2026,1
27/2/2026,26000425,QBAYC01,"Baycarb 500 EC 20 X 500 ml",1/8/2027,800,6128067676,14/03/2026,1
27/2/2026,26000426,QNATI02,"Nativo 75 WG 100 X 50 gr",1/2/2029,20000,6128067692,14/03/2026,1
27/2/2026,26000427,QBLUE01,"Bluezeb 80 WP 20 X 1 kg*",1/2/2029,3000,8924850208,14/03/2026,1
27/2/2026,26000428,QSELT01,"Seltima 100 CS 20 X 500 ml",1/7/2028,1700,6215838871,14/03/2026,1
27/2/2026,26000428,QSELT01,"Seltima 100 CS 20 X 500 ml",1/7/2028,3300,6215838871,14/03/2026,1
27/2/2026,26000429,QSELT01,"Seltima 100 CS 20 X 500 ml",1/7/2028,5000,6215838878,14/03/2026,1
27/2/2026,26000430,QSELT01,"Seltima 100 CS 20 X 500 ml",1/7/2028,2800,6215839437,14/03/2026,1
26/2/2026,26000431,QROUN01,"Round Up 486 SL 12 X 1 ltr",1/1/1000,12000,"25/26-000911-03 SHIP TO RIZKY JAYA",14/03/2026,1
27/2/2026,26000432,QBLAS01,"Blast 200 SC 20 X 500 ml",1/1/1000,3600,"SH02A-260200086 SHIP TO RIZKY JAYA",14/03/2026,1
27/2/2026,26000432,QBLAS02,"Blast 200 SC 48 X 100 ml",1/1/1000,4944,"SH02A-260200086 SHIP TO RIZKY JAYA",14/03/2026,1
27/2/2026,26000433,QSARU03,"Sarung Tanwin",1/1/1000,2,LOG/C5/II/26/018,14/03/2026,1
27/2/2026,26000434,QSPRA47,"Sprayer Ultra Elektrik New 16 ltr Type 4",1/1/1000,100,"226 DO 0447 TA",14/03/2026,1
27/2/2026,26000435,QTANG12,"Tangki Yoto 15 X 2 ltr",1/1/1000,1800,12600066,14/03/2026,1
27/2/2026,26000435A,QTANG08,"Tangki Yoto 6 X 5 ltr",1/1/1000,546,12600066,14/03/2026,1
27/2/2026,26000435B,QTANG51,"Tangki Dragon Star 16 ltr baterai (Hijau)*",1/1/1000,20,12600066,14/03/2026,1
28/2/2026,26000436,QEROS02,"Eros Gold 0.75/30 DF 40 X 250 gr",1/1/1000,20000,"SJ SHIP TO ABI TANI",14/03/2026,1
28/2/2026,26000437,QEROS02,"Eros Gold 0.75/30 DF 40 X 250 gr",1/1/1000,11360,"SJ SHIP TO ABI TANI",14/03/2026,1
28/2/2026,26000438,QCURA04,"Curaterr 3 GR 10 X 2 kg",1/1/1000,2650,"192/FNC-SJ/GD JASCO/2/2026/Quota Ship To KEP",14/03/2026,1
28/2/2026,26000439,QEROS02,"Eros Gold 0.75/30 DF 40 X 250 gr",1/1/1000,20000,"8924850369 SHIP TO BERKAH ABADI",14/03/2026,1
28/2/2026,26000440,QMUL09,"Mulsa Ori Universal 0.25 60 cm X 9 kg (Roll)*",1/1/1000,30,KIU/003/II/26,14/03/2026,1
28/2/2026,26000440,QMUL141,"Mulsa Ori Universal 0.25 60 cm X 18 kg (Roll) + Kaos*",1/1/1000,184,KIU/003/II/26,14/03/2026,1
28/2/2026,26000441,QAMOL02,"Amolin 300 EC 40 X 250 ml*",1/1/2030,1520,SJ010443,14/03/2026,1
28/2/2026,26000441,QAGUS02,"Agus 500 SC 40 X 250 ml*",1/1/2029,760,SJ010443,14/03/2026,1
28/2/2026,26000441,QAGUS01,"Agus 500 SC 100 X 100 ml*",1/1/2029,1900,SJ010443,14/03/2026,1
28/2/2026,26000442,QREGE03,"Regent 50 SC Red 80 X 50 ml",1/1/2028,36000,6215833729,14/03/2026,1
28/2/2026,26000443,QREGE03,"Regent 50 SC Red 80 X 50 ml",1/1/2028,36000,6215833719,14/03/2026,1
28/2/2026,26000444,QREGE02,"Regent 50 SC Red 48 X 100 ml",1/1/2028,12000,6215833732,14/03/2026,1
28/2/2026,26000445,QREGE02,"Regent 50 SC Red 48 X 100 ml",1/1/2028,864,6215833731,14/03/2026,1
28/2/2026,26000445,QREGE02,"Regent 50 SC Red 48 X 100 ml",1/1/2028,11136,6215833731,14/03/2026,1
28/2/2026,26000446,QREGE09,"Regent 50 SC Red 24 X 250 ml",1/12/2027,1776,6215833735,14/03/2026,1
28/2/2026,26000446,QREGE09,"Regent 50 SC Red 24 X 250 ml",1/1/2028,4224,6215833735,14/03/2026,1
28/2/2026,26000447,QALIK03,"Alika 247 ZC 50 X 100 ml",1/11/2027,4550,1810705308,14/03/2026,1
28/2/2026,26000448,QALIK03,"Alika 247 ZC 50 X 100 ml",1/11/2027,2950,1810705308,14/03/2026,1
28/2/2026,26000449,QALIK03,"Alika 247 ZC 50 X 100 ml",1/11/2027,7500,1810700807,14/03/2026,1
28/2/2026,26000450,QREGE09,"Regent 50 SC Red 24 X 250 ml",1/12/2027,6000,6215833734,14/03/2026,1
28/2/2026,26000451,QROUN01,"Round Up 486 SL 12 X 1 ltr",1/2/2031,12000,25/26-000919-03,14/03/2026,1
28/2/2026,26000452,QAGIL02,"Agil 100 EC 40 X 250 ml",1/6/2027,4000,1810724405,14/03/2026,1
28/2/2026,26000453,QEROS02,"Eros Gold 0.75/30 DF 40 X 250 gr",1/1/1000,8640,"8924850369 SHIP TO BERKAH ABADI",14/03/2026,1
28/2/2026,26000454,QSCOR02,"Score 250 EC 40 X 250 ml",1/2/2028,4000,1810700813,14/03/2026,1
28/2/2026,26000454,QSCOR02,"Score 250 EC 40 X 250 ml",1/2/2028,8000,1810700813,14/03/2026,1
28/2/2026,26000455,QSCOR02,"Score 250 EC 40 X 250 ml",1/2/2028,1200,1810700813,14/03/2026,1
28/2/2026,26000455,QSCOR02,"Score 250 EC 40 X 250 ml",1/2/2028,6800,1810700813,14/03/2026,1
28/2/2026,26000456,QPLEN01,"Plenum 50 WG 50 X 100 gr",1/10/2027,3250,1810700820,14/03/2026,1
28/2/2026,26000457,QAMIS02,"Amistartop 325 SC 50 X 100 ml",1/9/2028,15000,1810705308,14/03/2026,1
28/2/2026,26000458,QSCOR03,"Score 250 EC 50 X 80 ml",1/2/2028,25000,1810705316,14/03/2026,1
28/2/2026,26000459,QAMIS02,"Amistartop 325 SC 50 X 100 ml",1/9/2028,2150,1810700795,14/03/2026,1
28/2/2026,26000459,QAMIS02,"Amistartop 325 SC 50 X 100 ml",1/9/2028,12850,1810700795,14/03/2026,1
28/2/2026,26000460,QSCOR03,"Score 250 EC 50 X 80 ml",1/12/2027,2800,1810700813,14/03/2026,1
28/2/2026,26000461,QAMIS02,"Amistartop 325 SC 50 X 100 ml",1/9/2028,15000,1810702028,14/03/2026,1
28/2/2026,26000462,CAGRO01,"Agrogibb 40 SL 30 X 15 X 35 ml",1/5/2030,2250,"002344 SHIP TO KALSEL",14/03/2026,1
28/2/2026,26000463,QROUN01,"Round Up 486 SL 12 X 1 ltr",1/2/2031,12000,25/26-000930-03,14/03/2026,1
28/2/2026,26000464,QSPRA47,"Sprayer Ultra Elektrik New 16 ltr Type 4",1/1/1000,300,"226 DO 0449 TA",14/03/2026,1
2/3/2026,26000465,QROUN01,"Round Up 486 SL 12 X 1 ltr",1/2/2031,12000,25/26-000938-03,14/03/2026,1
2/3/2026,26000466,QROUN01,"Round Up 486 SL 12 X 1 ltr",1/2/2031,12000,25/26-000939-03,14/03/2026,1
2/3/2026,26000467,QRUMP01,"Rumpas 110 EW 100 X 100 ml",1/2/2028,40000,6128067806,14/03/2026,1
2/3/2026,26000467,QRUMP01,"Rumpas 110 EW 100 X 100 ml",1/2/2028,10000,6128067806,14/03/2026,1
2/3/2026,26000468,QRUMP01,"Rumpas 110 EW 100 X 100 ml",1/2/2028,5000,6128067761,14/03/2026,1
2/3/2026,26000469,QNATI03,"Nativo 75 WG 16 X 20 X 12.5 gr",1/2/2029,37760,6128067805,14/03/2026,1
2/3/2026,26000470,QMOVE04,"Movento Energy 240 SC 50 X 100 ml",1/2/2029,2450,6128067770,14/03/2026,1
2/3/2026,26000471,QMKP01,"MKP 20 X 1 kg",1/1/2029,30600,S/2602/94649,14/03/2026,1
2/3/2026,26000472,QKNO303,"KNO3 Putih P Tani 15 X 2 kg",1/2/2029,2010,S/2602/94652,14/03/2026,1
2/3/2026,26000473,QEROS02,"Eros Gold 0.75/30 DF 40 X 250 gr",1/1/2028,16000,8924850316,14/03/2026,1
2/3/2026,26000474,QEROS02,"Eros Gold 0.75/30 DF 40 X 250 gr",1/1/2028,19200,8924850316,14/03/2026,1
2/3/2026,26000475,QEROS02,"Eros Gold 0.75/30 DF 40 X 250 gr",1/1/2028,20000,8924850316,14/03/2026,1
2/3/2026,26000476k,QTERB01,"Terbas 490 SL 20 X 1 ltr",1/2/2031,2000,0031/02/26,14/03/2026,1
2/3/2026,26000477,QAMIN01,"Aminosong 20 X 500 ml*",1/1/2031,200,SJAGM2602041,14/03/2026,1
2/3/2026,26000478,QAGAP01,"Agapro 280 SL 50 X 80 ml*",1/2/2031,500,SJAGM2602042,14/03/2026,1
2/3/2026,26000478,QAGAP02,"Agapro 280 SL 40 X 200 ml*",1/7/2030,200,SJAGM2602042,14/03/2026,1
2/3/2026,26000479,QMACE01,"Macerio 52 WP 20 X 500 gr",1/12/2030,2000,"001/JAI/MJS/III/2026 SHIP TO UNGGUL JAYA",14/03/2026,1
2/3/2026,26000480,QEROS02,"Eros Gold 0.75/30 DF 40 X 250 gr",1/1/1000,7200,"8924850369 ship to berkah abadi",14/03/2026,1
2/3/2026,26000481,QACRO01,"Acrobat 50 WP 16 X 20 X 10 gr",1/7/2028,24000,6215842948,14/03/2026,1
2/3/2026,26000482,QMELY01,"Melyra 200/200 SC 24 X 250 ml",1/8/2029,1008,6215844351,14/03/2026,1
2/3/2026,26000483,QREGE09,"Regent 50 SC Red 24 X 250 ml",1/1/2028,8400,6215844387,14/03/2026,1
2/3/2026,26000484,QREGE09,"Regent 50 SC Red 24 X 250 ml",1/1/2028,9408,6215844382,14/03/2026,1
2/3/2026,26000484,QREGE09,"Regent 50 SC Red 24 X 250 ml",1/1/2028,192,6215844382,14/03/2026,1
2/3/2026,26000485,QINSU01,"Insure Max 510 FS 2 X 50 X 25 ml",1/9/2030,15000,6215842959,14/03/2026,1
2/3/2026,26000486,QINSU01,"Insure Max 510 FS 2 X 50 X 25 ml",1/2/2031,15000,6215844332,14/03/2026,1
2/3/2026,26000487,QACRO03,"Acrobat 50 WP 20 X 6 X 40 gr",1/7/2028,18000,6215842951,14/03/2026,1
2/3/2026,26000488,CTOPJ05,"Topjos 300 SL 4 X 5 ltr (Coklat) + 5 pack Metsul 5 gr",1/1/2031,4,"DO/0001/0226/0103 SHIP TO KALSEL",14/03/2026,1
2/3/2026,26000489,CPOLY06,"Polybag 15/30 X 30 cm",1/1/1000,2250,"020/SBP-KAR/II/26 SHIP TO KALSEL",14/03/2026,1
2/3/2026,26000489,CPOLY13,"Polybag 12.5/25 X 30 cm",1/1/1000,275,"020/SBP-KAR/II/26 SHIP TO KALSEL",14/03/2026,1
3/3/2026,26000490,QMETS01,"Metsulindo Plus 80 WP 8 X 25 X 40 gr*",1/12/2027,1000,SJ26010587,14/03/2026,1
3/3/2026,26000490,QMETS01,"Metsulindo Plus 80 WP 8 X 25 X 40 gr*",1/11/2027,10000,SJ26010587,14/03/2026,1
3/3/2026,26000490,QMETS01,"Metsulindo Plus 80 WP 8 X 25 X 40 gr*",1/1/2028,10000,SJ26010587,14/03/2026,1
3/3/2026,26000490,QMETS01,"Metsulindo Plus 80 WP 8 X 25 X 40 gr*",1/1/2028,2800,SJ26010587,14/03/2026,1
3/3/2026,26000490,QMETS01,"Metsulindo Plus 80 WP 8 X 25 X 40 gr*",1/1/2028,2800,SJ26010587,14/03/2026,1
3/3/2026,26000490,QMETS01,"Metsulindo Plus 80 WP 8 X 25 X 40 gr*",1/12/2027,15200,SJ26010587,14/03/2026,1
3/3/2026,26000490,QMETS01,"Metsulindo Plus 80 WP 8 X 25 X 40 gr*",1/11/2027,4400,SJ26010587,14/03/2026,1
3/3/2026,26000490,QMETS01,"Metsulindo Plus 80 WP 8 X 25 X 40 gr*",1/11/2027,10000,SJ26010587,14/03/2026,1
3/3/2026,26000490,QMETS01,"Metsulindo Plus 80 WP 8 X 25 X 40 gr*",1/12/2027,8000,SJ26010587,14/03/2026,1
3/3/2026,26000491,QORON01,"Orondis Opti 6/400 SC 20 X 500 ml",1/9/2030,4000,1810700798,14/03/2026,1
3/3/2026,26000492,QVIRT03,"Virtako 300 SC 50 X 100 ml",1/12/2027,6500,1810700810,14/03/2026,1
3/3/2026,26000493,QAMIS03,"Amistartop 325 SC 20 X 250 ml",1/11/2028,3100,1810700795,14/03/2026,1
3/3/2026,26000493,QAMIS03,"Amistartop 325 SC 20 X 250 ml",1/11/2028,16900,1810700795,14/03/2026,1
3/3/2026,26000494,QNEOC01,"Neocron 80 OL 20 X 500 ml*",1/11/2030,960,SJ25110388,14/03/2026,1
3/3/2026,26000494,QNEOC01,"Neocron 80 OL 20 X 500 ml*",1/11/2030,3040,SJ25110388,14/03/2026,1
3/3/2026,26000495,QMANO01,"Manohara 20 X 1 kg*",1/2/2031,4600,001.03.2026,14/03/2026,1
3/3/2026,26000495A,QCALC03,"Calcium D-Diana 20 X 1 kg*",1/3/2031,4,"001.03.2026 / Bonus Program Tahunan 2025",14/03/2026,1
3/3/2026,26000496,QBION01,"Bion M 1/48 WP 20 X 500 gr",1/11/2027,740,1810700807,14/03/2026,1
3/3/2026,26000496,QBION01,"Bion M 1/48 WP 20 X 500 gr",1/11/2027,1800,1810700807,14/03/2026,1
3/3/2026,26000496,QBION01,"Bion M 1/48 WP 20 X 500 gr",1/11/2027,2460,1810700807,14/03/2026,1
3/3/2026,26000497,QCURA01,"Curacron 500 EC 20 X 500 ml",1/2/2027,2120,1810700807,14/03/2026,1
3/3/2026,26000497,QCURA01,"Curacron 500 EC 20 X 500 ml",1/2/2027,2880,1810700807,14/03/2026,1
3/3/2026,26000498,QCURA01,"Curacron 500 EC 20 X 500 ml",1/2/2027,4000,1810702028,14/03/2026,1
3/3/2026,26000499,QORON01,"Orondis Opti 6/400 SC 20 X 500 ml",1/9/2030,4000,1810700798,14/03/2026,1
3/3/2026,26000500,QALIK03,"Alika 247 ZC 50 X 100 ml",1/11/2027,5000,1810719125,14/03/2026,1
3/3/2026,26000501,QCURA02,"Curacron 500 EC 40 X 250 ml",1/2/2027,3120,1810700807,14/03/2026,1
3/3/2026,26000502,QCURA02,"Curacron 500 EC 40 X 250 ml",1/2/2027,4000,1810702028,14/03/2026,1
3/3/2026,26000503,QCURA03,"Curacron 500 EC 50 X 100 ml",1/2/2027,2800,1810700807,14/03/2026,1
3/3/2026,26000503,QCURA03,"Curacron 500 EC 50 X 100 ml",1/2/2027,5600,1810700807,14/03/2026,1
3/3/2026,26000503,QCURA03,"Curacron 500 EC 50 X 100 ml",1/2/2027,12600,1810700807,14/03/2026,1
3/3/2026,26000504,QAMIS03,"Amistartop 325 SC 20 X 250 ml",1/12/2028,4000,1810704761,14/03/2026,1
3/3/2026,26000505,QROUN04,"Round Up 486 SL 50 X 200 ml",1/1/1000,50000,"26/26-000944-03 SHIP TO RIZKY JAYA",14/03/2026,1
3/3/2026,26000506,QBLAS02,"Blast 200 SC 48 X 100 ml",1/12/2029,2256,SH02A-260200085,14/03/2026,1
3/3/2026,26000506,QBLAS02,"Blast 200 SC 48 X 100 ml",1/2/2030,192,SH02A-260200085,14/03/2026,1
3/3/2026,26000507,QBLAS02,"Blast 200 SC 48 X 100 ml",1/2/2030,96,SH02A-260200091,14/03/2026,1
3/3/2026,26000508,QALGO02,"Algojo 200/10/15 OD 20 X 1 ltr",1/1/2030,1040,SH02A-260200090,14/03/2026,1
3/3/2026,26000509,QTHRO04,"Throne 250 EC 48 X 100 ml",1/2/2030,504,SH02A-260200104,14/03/2026,1
3/3/2026,26000510,QTHRO04,"Throne 250 EC 48 X 100 ml",1/2/2030,252,SH02A-260200105,14/03/2026,1
3/3/2026,26000511,QALAT15,"Alat Tanam Jagung 1 Output Satagro MTB-006 6 X 1 pcs",1/1/1000,600,SJ,14/03/2026,1
3/3/2026,26000512,QEROS02,"Eros Gold 0.75/30 DF 40 X 250 gr",1/1/2028,800,8924850316,14/03/2026,1
3/3/2026,26000513,QMULS20,"Mulsa Karisma 50 cm / 20 kg (Roll)",1/1/1000,150,SJ/26/III/009,14/03/2026,1
3/3/2026,26000513,QMULS21,"Mulsa Karisma 60 cm / 20 kg (Roll)",1/1/1000,175,SJ/26/III/009,14/03/2026,1
3/3/2026,26000513,QMULS22,"Mulsa Karisma 60 cm / 10 kg (Roll)",1/1/1000,100,SJ/26/III/009,14/03/2026,1
3/3/2026,26000513,QMULS24,"Mulsa Karisma 50 cm / 10 kg (Roll)",1/1/1000,50,SJ/26/III/009,14/03/2026,1
3/3/2026,26000514,QMULS86,"Mulsa Karisma Q989 60 cm X 8 kg (Roll)*",1/1/1000,150,DO2603001831,14/03/2026,1
3/3/2026,26000514,QMUL135,"Mulsa Dua Srigala 58 cm X 9 kg (Roll) Biru",1/1/1000,50,DO2603001831,14/03/2026,1
3/3/2026,26000514,QMUL130,"Mulsa Dua Srigala 58 cm X 18 kg (Roll) Biru",1/1/1000,50,DO2603001831,14/03/2026,1
3/3/2026,26000514,QMULS37,"Mulsa Petani Sejati 50 cm X 18 kg (Roll)*",1/1/1000,50,DO2603001831,14/03/2026,1
3/3/2026,26000514,QMULS84,"Mulsa Karisma Q989 50 cm X 17 kg (Roll)*",1/1/1000,20,DO2603001831,14/03/2026,1
3/3/2026,26000514,QMULS85,"Mulsa Karisma Q989 60 cm X 17 kg (Roll)*",1/1/1000,200,DO2603001831,14/03/2026,1
3/3/2026,26000515,QMUL121,"Mulsa Hanoman 60 cm X 17 kg (Roll)*",1/1/1000,204,DO2603001832,14/03/2026,1
3/3/2026,26000515,QMUL122,"Mulsa Hanoman 60 cm X 8 kg (Roll)*",1/1/1000,204,DO2603001832,14/03/2026,1
3/3/2026,26000515,QMUL128,"Mulsa Hanoman 50 cm X 17 kg (Roll)*",1/1/1000,255,DO2603001832,14/03/2026,1
3/3/2026,26000515,QMUL133,"Mulsa Hanoman 58 cm X 17 Kg (Roll) Putih",1/1/1000,255,DO2603001832,14/03/2026,1
3/3/2026,26000515,QMUL134,"Mulsa Hanoman 58 cm X 8 Kg (Roll) Putih",1/1/1000,102,DO2603001832,14/03/2026,1
4/3/2026,26000516,QMACE01,"Macerio 52 WP 20 X 500 gr",1/12/2030,3500,003/JAI/MJS/III/2026,14/03/2026,1
4/3/2026,26000517,QTUNT03,"Tuntas 300/100 SL 20 X 1 ltr",1/2/2031,1960,DO/0001/0326/0016,14/03/2026,1
4/3/2026,26000517,QTUNT03,"Tuntas 300/100 SL 20 X 1 ltr",1/2/2031,3040,DO/0001/0326/0016,14/03/2026,1
4/3/2026,26000518,QPRIM30,"Prima-Kuat 276 SL 20 X 1 ltr*",1/2/2031,5000,8SA2600670,14/03/2026,1
4/3/2026,26000518,QPRIM30,"Prima-Kuat 276 SL 20 X 1 ltr*",1/1/2031,4,8SA2600670,14/03/2026,1
4/3/2026,26000519,QTUNT03,"Tuntas 300/100 SL 20 X 1 ltr",1/2/2031,3200,DO/0001/0326/0021,14/03/2026,1
4/3/2026,26000519,QTUNT03,"Tuntas 300/100 SL 20 X 1 ltr",1/2/2031,400,DO/0001/0326/0021,14/03/2026,1
4/3/2026,26000519,QTUNT03,"Tuntas 300/100 SL 20 X 1 ltr",1/2/2031,1200,DO/0001/0326/0021,14/03/2026,1
4/3/2026,26000519,QTUNT03,"Tuntas 300/100 SL 20 X 1 ltr",1/2/2031,200,DO/0001/0326/0021,14/03/2026,1
5/3/2026,26000520,QASET02,"Asetor 250 EC 40 X 250 ml*",1/9/2028,400,AJL/II/2026/076,14/03/2026,1
5/3/2026,26000521,QMUL137,"Mulsa Ori Gajah 0.3 60 cm X 18 kg (Roll) + Kaos*",1/1/1000,50,KIU/002/III/26,14/03/2026,1
5/3/2026,26000522,QMUL141,"Mulsa Ori Universal 0.25 60 cm X 18 kg (Roll) + Kaos*",1/1/1000,100,KIU/001/III/26,14/03/2026,1
5/3/2026,26000523,QBENA01,"Benang Pe mlg*",1/1/1000,5000,3/III/26,14/03/2026,1
5/3/2026,26000524,QQIUO03,"Qiuonol 30 X 500 ml",1/3/2030,120,44,14/03/2026,1
5/3/2026,26000525,QTIEZ01,"Tiezene 80 WP 20 X 1 kg",1/2/2029,4000,"2601239 SHIP TO FAST",14/03/2026,1
5/3/2026,26000525,QTIEZ02,"Tiezene 80 WP 40 X 500 gr",1/2/2029,2800,"2601239 SHIP TO FAST",14/03/2026,1
5/3/2026,26000526,QMACE01,"Macerio 52 WP 20 X 500 gr",1/12/2030,460,010/JAI/MJS/III/2026,14/03/2026,1
5/3/2026,26000527k,QRUBO02,"Rubost 40 X 200 ml*",1/1/2031,1000,SJANT202602011,14/03/2026,1
5/3/2026,26000528k,QTRIP06,"Trip Oil 60 X 50 ml*",1/8/2030,660,SJANT2026021012,14/03/2026,1
5/3/2026,26000529,QROUN01,"Round Up 486 SL 12 X 1 ltr",1/2/2031,12000,25/26-000960-03,14/03/2026,1
6/3/2026,26000530,QBRAU03,"Braunxone Gold 276 SL 20 ltr",1/3/2031,250,005/AIC/MJS/III/2026,14/03/2026,1
6/3/2026,26000531,QARCA01,"Arcanate 40/160 SC 40 X 250 ml*",1/12/2028,1000,014/JAI/MJS/III/2026,14/03/2026,1
6/3/2026,26000532,QGAND04,"Gandasil D 24 X 500 gr",1/2/2029,24000,001/0326/M,14/03/2026,1
6/3/2026,26000532,QGAND02,"Gandasil B 24 X 500 gr",1/1/2029,24000,001/0326/M,14/03/2026,1
6/3/2026,26000533,QAGRO02,"Agrogibb 40 SL 30 X 15 X 35 ml",1/10/2030,45000,DO-2026-00309,14/03/2026,1
6/3/2026,26000534,QPIRA02,"Piraklo 250 EC 40 X 250 ml*",1/2/2031,63995,007/MIA-SJ/II/2026,14/03/2026,1
6/3/2026,26000535,CKRES01,"Kresnakum 0.005 20 X 1 kg",1/2/2031,1000,"DO/001/0226/0716 SHIP TO KALSEL",14/03/2026,1
6/3/2026,26000536,QGLUF03,"Glufa 200 SL 20 X 1 ltr",1/2/2030,120,260366/AMF/II/2026,14/03/2026,1
6/3/2026,26000536,QGLUF03,"Glufa 200 SL 20 X 1 ltr",1/2/2030,6940,260366/AMF/II/2026,14/03/2026,1
6/3/2026,26000536,QGLUF03,"Glufa 200 SL 20 X 1 ltr",1/2/2030,2940,260366/AMF/II/2026,14/03/2026,1
6/3/2026,26000537,QMUL128,"Mulsa Hanoman 50 cm X 17 kg (Roll)*",1/1/1000,51,DO2603001836,14/03/2026,1
6/3/2026,26000537,QMUL121,"Mulsa Hanoman 60 cm X 17 kg (Roll)*",1/1/1000,102,DO2603001836,14/03/2026,1
6/3/2026,26000538,QMULS84,"Mulsa Karisma Q989 50 cm X 17 kg (Roll)*",1/1/1000,180,DO2603001835,14/03/2026,1
6/3/2026,26000539,QMULS100,"Mulsa Karisma Q989 50 cm X 17 kg (Roll) Merah",1/1/1000,50,DO2603001837,14/03/2026,1
6/3/2026,26000539,QMULS103,"Mulsa Karisma Q989 60 cm X 17 kg (Roll) Merah",1/1/1000,50,DO2603001837,14/03/2026,1
6/3/2026,26000540,QKUPR02,"Kuproxat 345 SC 40 X 200 ml",1/3/2031,5160,"25/26 0022316 -02",14/03/2026,1
7/3/2026,26000541,QKUPR01,"Kuproxat 345 SC 20 X 500 ml",1/2/2031,380,"25/26 002317 -02",14/03/2026,1
7/3/2026,26000541,QKUPR02,"Kuproxat 345 SC 40 X 200 ml",1/3/2031,6300,"25/26 002317 -02",14/03/2026,1
7/3/2026,26000542,QBIGG07,"Biggrow 20 WP 6 X 50 X 5 gr*",1/1/2032,105000,03/BG/III/LIA/2026,14/03/2026,1
7/3/2026,26000543,QROUN01,"Round Up 486 SL 12 X 1 ltr",1/2/2031,12000,25/26-000966-03,14/03/2026,1
9/3/2026,26000544,QKUPR01,"Kuproxat 345 SC 20 X 500 ml",1/3/2031,4400,"25/26 002382 -02",14/03/2026,1
9/3/2026,26000545,QBENA01,"Benang Pe mlg*",1/1/1000,5000,7/III/26,14/03/2026,1
9/3/2026,26000546,QGRAN01,"Grandally 25 WP 25 gr",1/1/1000,100,SJR/0326/0035,14/03/2026,1
9/3/2026,26000546,QPAPA03,"Papandayan 486 SL 20 ltr",1/3/2031,25,SJR/0326/0035,14/03/2026,1
9/3/2026,26000546A,QGRAN04,"Grandally 25 WP 5 gr",1/1/1000,2500,SJR/0326/0035,14/03/2026,1
9/3/2026,26000546A,QBEST07,"Bestani OK 300 SL 20 X 1 ltr",1/2/2031,1000,SJR/0326/0035,14/03/2026,1
9/3/2026,26000546A,QBEST07,"Bestani OK 300 SL 20 X 1 ltr",1/2/2031,1500,SJR/0326/0035,14/03/2026,1
9/3/2026,26000547,QPRIM29,"Prima-Lima 555 SL 20 X 1 ltr + 1 pack Penta-Furon 5 gr",1/2/2031,5000,8SA2600692,14/03/2026,1
9/3/2026,26000548,QROUN04,"Round Up 486 SL 50 X 200 ml",1/2/2031,25000,25/26-000974-03,14/03/2026,1
9/3/2026,26000549,QROUN01,"Round Up 486 SL 12 X 1 ltr",1/2/2031,12000,25/26-000973-03,14/03/2026,1
9/3/2026,26000550,QTUNT03,"Tuntas 300/100 SL 20 X 1 ltr",1/2/2031,3600,DO/0001/0326/0262,14/03/2026,1
9/3/2026,26000550,QTUNT03,"Tuntas 300/100 SL 20 X 1 ltr",1/2/2031,600,DO/0001/0326/0262,14/03/2026,1
9/3/2026,26000550,QTUNT03,"Tuntas 300/100 SL 20 X 1 ltr",1/2/2031,400,DO/0001/0326/0262,14/03/2026,1
9/3/2026,26000550,QTUNT03,"Tuntas 300/100 SL 20 X 1 ltr",1/2/2031,400,DO/0001/0326/0262,14/03/2026,1
9/3/2026,26000551,QTUNT03,"Tuntas 300/100 SL 20 X 1 ltr",1/2/2031,120,DO/0001/0326/0296,14/03/2026,1
9/3/2026,26000551,QTUNT03,"Tuntas 300/100 SL 20 X 1 ltr",1/2/2031,4200,DO/0001/0326/0296,14/03/2026,1
9/3/2026,26000551,QTUNT03,"Tuntas 300/100 SL 20 X 1 ltr",1/2/2031,340,DO/0001/0326/0296,14/03/2026,1
9/3/2026,26000551,QTUNT03,"Tuntas 300/100 SL 20 X 1 ltr",1/2/2031,340,DO/0001/0326/0296,14/03/2026,1
10/3/2026,26000552,QLOYA01,"Loyant 25 EC 20 X 500 ml",1/11/2028,1000,ID01CVASA65FJIZ,14/03/2026,1
10/3/2026,26000553,QGOAL03,"Goal 240 EC 50 X 100 ml + kaos",1/11/2030,1250,26-00006804,14/03/2026,1
10/3/2026,26000554,QFENV01,"Fenval 200 EC 15 X 1 ltr*",1/1/2030,735,SJ26020330,14/03/2026,1
10/3/2026,26000554,QFOLI05,"Folirfos 400 SL 20 X 500 ml",1/5/2030,500,SJ26020330,14/03/2026,1
10/3/2026,26000555,QMETI02,"Metindo 40 SP 40 X 200 gr",1/8/2030,2000,SJ26020167,14/03/2026,1
10/3/2026,26000555,QMETI02,"Metindo 40 SP 40 X 200 gr",1/8/2030,2000,SJ26020167,14/03/2026,1
10/3/2026,26000555,QMETI02,"Metindo 40 SP 40 X 200 gr",1/8/2030,1000,SJ26020167,14/03/2026,1
10/3/2026,26000556,QMETS01,"Metsulindo Plus 80 WP 8 X 25 X 40 gr*",1/10/2027,9000,SJ26020449,14/03/2026,1
10/3/2026,26000556,QMETS01,"Metsulindo Plus 80 WP 8 X 25 X 40 gr*",1/10/2027,5200,SJ26020449,14/03/2026,1
10/3/2026,26000556,QMETS01,"Metsulindo Plus 80 WP 8 X 25 X 40 gr*",1/11/2027,2600,SJ26020449,14/03/2026,1
10/3/2026,26000556,QMETS01,"Metsulindo Plus 80 WP 8 X 25 X 40 gr*",1/1/2028,200,SJ26020449,14/03/2026,1
10/3/2026,26000556,QMETS01,"Metsulindo Plus 80 WP 8 X 25 X 40 gr*",1/12/2027,200,SJ26020449,14/03/2026,1
10/3/2026,26000556,QMETS01,"Metsulindo Plus 80 WP 8 X 25 X 40 gr*",1/12/2027,300,SJ26020449,14/03/2026,1
10/3/2026,26000557,QMETI07,"Metindo 40 SP 40 X 400 gr",1/9/2030,40,SJ25100314,14/03/2026,1
10/3/2026,26000557,QMETI07,"Metindo 40 SP 40 X 400 gr",1/8/2030,1560,SJ25100314,14/03/2026,1
10/3/2026,26000557,QMETI07,"Metindo 40 SP 40 X 400 gr",1/8/2030,40,SJ25100314,14/03/2026,1
10/3/2026,26000557,QMETI07,"Metindo 40 SP 40 X 400 gr",1/7/2030,600,SJ25100314,14/03/2026,1
10/3/2026,26000558,QEM-404,"EM-4 Toilet 15 X 1 ltr",1/1/2028,1500,070/09/03/EM/2026,14/03/2026,1
10/3/2026,26000558,QEM-401,"EM-4 Ternak (LC) 15 X 1 ltr",1/1/2028,2970,070/09/03/EM/2026,14/03/2026,1
10/3/2026,26000558,QEM-401,"EM-4 Ternak (LC) 15 X 1 ltr",1/2/2028,3255,070/09/03/EM/2026,14/03/2026,1
10/3/2026,26000559,QROUN01,"Round Up 486 SL 12 X 1 ltr",1/1/1000,3000,"25/26-000969-03 SHIP TO RIZKY JAYA",14/03/2026,1
10/3/2026,26000559,QROUN03,"Round Up 486 SL 4 X 4 ltr",1/1/1000,1260,"25/26-000969-03 SHIP TO RIZKY JAYA",14/03/2026,1
10/3/2026,26000560k,QBUMP03,"Bump 25/40 WP 5 X 40 X 25 gr*",1/2/2027,2000,033/BBL/TTB/III/2026,14/03/2026,1
10/3/2026,26000560k,QTRON01,"Tronton 50 EC 100 X 100 ml",1/11/2029,2000,033/BBL/TTB/III/2026,14/03/2026,1
10/3/2026,26000560k,QPEMB02,"Pembino 12 X 1 ltr*",1/11/2030,600,033/BBL/TTB/III/2026,14/03/2026,1
10/3/2026,26000561,QVERT04,"Vertibak 60 SP 10 X 500 gr",1/3/2029,50,2603006,14/03/2026,1
10/3/2026,26000561,QLEMA01,"Lem Ajaib 50 X 100 ml*",1/3/2029,300,2603006,14/03/2026,1
10/3/2026,26000561,QVERT01,"Vertibak 60 SP 100 X 20 gr*",1/3/2029,200,2603006,14/03/2026,1
10/3/2026,26000561,QVERT02,"Vertibak 60 SP 50 X 100 gr*",1/3/2029,500,2603006,14/03/2026,1
10/3/2026,26000561,QWEND02,"Wendry 75 WP 100 X 100 gr (M2U)",1/3/2028,2000,2603006,14/03/2026,1
10/3/2026,26000562,QUPRI01,"Uprise 50 X 100 ml*",1/3/2029,3050,1502,14/03/2026,1
10/3/2026,26000563,QFUTA23,"Futay-7 (Sayuran Buah) 30 X 500 ml*",1/3/2029,2160,2603007,14/03/2026,1
10/3/2026,26000563,QFUTA13,"Futay-3 (Buah) 50 X 250 ml*",1/3/2029,500,2603007,14/03/2026,1
10/3/2026,26000563,QFUTA14,"Futay-3 (Buah) 30 X 500 ml*",1/3/2029,300,2603007,14/03/2026,1
10/3/2026,26000563,QFUTA24,"Futay-7 (Sayuran Buah) 10 X 1 ltr + Kaos",1/3/2029,350,2603007,14/03/2026,1
10/3/2026,26000563,QFUTA30,"Futay-7 (Sayuran Buah) 10 X 1 ltr",1/3/2029,450,2603007,14/03/2026,1
10/3/2026,26000563,QFUTA28,"Futay-5 (Umbi) 10 X 1 ltr",1/3/2029,70,2603007,14/03/2026,1
10/3/2026,26000563,QFUTA16,"Futay-5 (Umbi) 50 X 250 ml*",1/3/2029,500,2603007,14/03/2026,1
10/3/2026,26000563,QFUTA17,"Futay-5 (Umbi) 30 X 500 ml*",1/2/2029,1500,2603007,14/03/2026,1
10/3/2026,26000563,QFUTA07,"Futay-1 (Padi) 30 X 500 ml*",1/2/2029,1500,2603007,14/03/2026,1
10/3/2026,26000563,QFUTA11,"Futay-2 (Jagung) 30 X 500 ml*",1/2/2029,330,2603007,14/03/2026,1
10/3/2026,26000563,QFUTA30,"Futay-7 (Sayuran Buah) 10 X 1 ltr",1/3/2029,200,2603007,14/03/2026,1
10/3/2026,26000563,QFUTA27,"Futay-3 (Buah) 10 X 1 ltr",1/3/2029,100,2603007,14/03/2026,1
10/3/2026,26000563,QFUTA28,"Futay-5 (Umbi) 10 X 1 ltr",1/3/2029,130,2603007,14/03/2026,1
10/3/2026,26000563,QFUTA29,"Futay-6 (Sayur Daun) 10 X 1 ltr",1/3/2029,100,2603007,14/03/2026,1
10/3/2026,26000563,QFUTA19,"Futay-6 (Sayur Daun) 50 X 250 ml*",1/3/2029,500,2603007,14/03/2026,1
10/3/2026,26000563,QFUTA20,"Futay-6 (Sayur Daun) 30 X 500 ml*",1/3/2029,300,2603007,14/03/2026,1
10/3/2026,26000563,QFUTA10,"Futay-2 (Jagung) 50 X 250 ml*",1/2/2029,1000,2603007,14/03/2026,1
10/3/2026,26000563,QFUTA11,"Futay-2 (Jagung) 30 X 500 ml*",1/2/2029,270,2603007,14/03/2026,1
10/3/2026,26000563,QFUTA25,"Futay-1 (Padi) 10 X 1 ltr",1/3/2029,1000,2603007,14/03/2026,1
10/3/2026,26000563,QFUTA26,"Futay-2 (Jagung) 10 X 1 ltr",1/3/2029,100,2603007,14/03/2026,1
10/3/2026,26000564,CNOXO03,"Noxone Mix 255 SL 4 X 5 ltr",1/10/2030,200,"4712004116 SHIP TO KALSEL",14/03/2026,1
10/3/2026,26000564,CNOXO04,"Noxone Mix 255 SL 20 X 1 ltr",1/10/2030,1000,"4712004116 SHIP TO KALSEL",14/03/2026,1
10/3/2026,26000564,CRAMB01,"Rambo Gold 480 SL 20 X 1 ltr",1/9/2030,1000,"4712004116 SHIP TO KALSEL",14/03/2026,1
10/3/2026,26000564,CRAMB02,"Rambo Gold 480 SL 4 X 5 ltr",1/9/2030,200,"4712004116 SHIP TO KALSEL",14/03/2026,1
11/3/2026,26000565,QALAT16,"Alat Service YT 5L / 7L",1/1/1000,100,12600073,14/03/2026,1
11/3/2026,26000565,QPITA01,"Pita Alat Pengikat Tanaman Yoto 25 X 20 X 1 roll*",1/1/1000,1000,12600073,14/03/2026,1
11/3/2026,26000565A,QTANG51,"Tangki Dragon Star 16 ltr baterai (Hijau)*",1/1/1000,20,12600073,14/03/2026,1
11/3/2026,26000566,QTHRO02,"Throne 250 EC 20 X 250 ml",1/3/2030,609,SH02A-260300023,14/03/2026,1
11/3/2026,26000567,QALGO02,"Algojo 200/10/15 OD 20 X 1 ltr",1/3/2030,2080,SH02A-260300009,14/03/2026,1
11/3/2026,26000568,QRATG01,"Ratgone 0.005 BB 10 X 1 kg",1/11/2027,10,SH02A-260300010,14/03/2026,1
11/3/2026,26000568A,QBLAS01,"Blast 200 SC 20 X 500 ml",1/2/2030,80,SH02A-260300010,14/03/2026,1
11/3/2026,26000569,QTHRO02,"Throne 250 EC 20 X 250 ml",1/1/2030,1,IO02A-260300055,14/03/2026,1
11/3/2026,26000569A,QTHRO03,"Throne 250 EC 20 X 500 ml",1/2/2030,1,IO02A-260300055,14/03/2026,1
11/3/2026,26000569B,QALGO01,"Algojo 200/10/15 OD 20 X 500 ml",1/12/2029,2,IO02A-260300055,14/03/2026,1
12/3/2026,26000570,QMUL09,"Mulsa Ori Universal 0.25 60 cm X 9 kg (Roll)*",1/1/1000,70,KIU/003/III/26,14/03/2026,1
12/3/2026,26000570,QMUL141,"Mulsa Ori Universal 0.25 60 cm X 18 kg (Roll) + Kaos*",1/1/1000,66,KIU/003/III/26,14/03/2026,1
12/3/2026,26000571,QMUL103,"Mulsa Ori Gajah 0.3 60 cm X 9 kg (Roll)*",1/1/1000,25,KIU/004/III/26,14/03/2026,1
12/3/2026,26000571,QMUL137,"Mulsa Ori Gajah 0.3 60 cm X 18 kg (Roll) + Kaos*",1/1/1000,50,KIU/004/III/26,14/03/2026,1
12/3/2026,26000571,QMUL136,"Mulsa Ori Gajah 0.3 50 cm X 18 kg (Roll) + Kaos*",1/1/1000,25,KIU/004/III/26,14/03/2026,1
12/3/2026,26000572,QRICE03,"Ricestar Xtra 89 OD 100 X 100 ml",1/11/2026,2500,6128068021,14/03/2026,1
12/3/2026,26000573k,QACTI05,"Activation 20 X 500 ml*",1/3/2031,1260,0882/03/SJ/2026,14/03/2026,1
12/3/2026,26000573k,QACTI06,"Activation 20 X 1 ltr*",1/3/2031,1600,0882/03/SJ/2026,14/03/2026,1
12/3/2026,26000573k,QACTI06,"Activation 20 X 1 ltr*",1/3/2031,80,0882/03/SJ/2026,14/03/2026,1
12/3/2026,26000574,QTEBA02,"Teballo 250 SL Red 40 X 250 ml*",1/3/2031,1000,0881/03/SJ/2026,14/03/2026,1
12/3/2026,26000574,QTEBA01,"Teballo 250 SL Red 50 X 100 ml*",1/3/2031,1000,0881/03/SJ/2026,14/03/2026,1
12/3/2026,26000575,QROUN01,"Round Up 486 SL 12 X 1 ltr",1/2/2031,6000,25/26-000994-03,14/03/2026,1
12/3/2026,26000576,QROUN01,"Round Up 486 SL 12 X 1 ltr",1/2/2031,12000,25/26-000995-03,14/03/2026,1
12/3/2026,26000577,QABAD01,"Abado 50 WP 20 X 6 X 40 gr*",1/3/2030,600,SJ010487,14/03/2026,1
12/3/2026,26000577,QABAD02,"Abado 50 WP 20 X 20 X 10 gr*",1/4/2028,2000,SJ010487,14/03/2026,1
12/3/2026,26000578,QAGUS02,"Agus 500 SC 40 X 250 ml*",1/1/2029,400,SJ010516,14/03/2026,1
12/3/2026,26000578,QAGUS01,"Agus 500 SC 100 X 100 ml*",1/1/2029,900,SJ010516,14/03/2026,1
12/3/2026,26000579,QKNO303,"KNO3 Putih P Tani 15 X 2 kg",1/3/2029,2250,S/2602/94652,14/03/2026,1
12/3/2026,26000580,QABAD02,"Abado 50 WP 20 X 20 X 10 gr*",1/4/2028,2000,SJ010515,14/03/2026,1
12/3/2026,26000580,QAMUR02,"Amuron 70 EC 40 X 250 ml*",1/1/2031,400,SJ010515,14/03/2026,1
12/3/2026,26000581,QROUN01,"Round Up 486 SL 12 X 1 ltr",1/1/1000,12000,"25/26-000998-03 SHIP TO RIZKY JAYA",14/03/2026,1
12/3/2026,26000582,QCURA03,"Curacron 500 EC 50 X 100 ml",1/2/2027,5000,1810705322,14/03/2026,1
12/3/2026,26000583,QSCOR02,"Score 250 EC 40 X 250 ml",1/2/2028,5400,1810705316,14/03/2026,1
12/3/2026,26000583,QSCOR02,"Score 250 EC 40 X 250 ml",1/2/2028,2200,1810705316,14/03/2026,1
12/3/2026,26000584,QCURA03,"Curacron 500 EC 50 X 100 ml",1/2/2027,3200,1810702028,14/03/2026,1
12/3/2026,26000584,QCURA03,"Curacron 500 EC 50 X 100 ml",1/2/2027,6800,1810702028,14/03/2026,1
12/3/2026,26000585,QALIK02,"Alika 247 ZC 40 X 250 ml",1/11/2027,4000,1810728843,14/03/2026,1
12/3/2026,26000585,QALIK03,"Alika 247 ZC 50 X 100 ml",1/11/2027,5000,1810728843,14/03/2026,1
12/3/2026,26000586,QGAND01,"Gandasil B 144 X 100 gr",1/11/2028,14400,008/0326/M,14/03/2026,1
12/3/2026,26000586,QGAND01,"Gandasil B 144 X 100 gr",1/11/2028,288,008/0326/M,14/03/2026,1
12/3/2026,26000586,QGAND03,"Gandasil D 144 X 100 gr",1/12/2028,14400,008/0326/M,14/03/2026,1
12/3/2026,26000586,QGAND03,"Gandasil D 144 X 100 gr",1/12/2028,28800,008/0326/M,14/03/2026,1
12/3/2026,26000586,QGAND03,"Gandasil D 144 X 100 gr",1/12/2028,14400,008/0326/M,14/03/2026,1
12/3/2026,26000586,QGAND03,"Gandasil D 144 X 100 gr",1/12/2028,14400,008/0326/M,14/03/2026,1
12/3/2026,26000586,QGAND01,"Gandasil B 144 X 100 gr",1/12/2028,6912,008/0326/M,14/03/2026,1
12/3/2026,26000586,QGAND01,"Gandasil B 144 X 100 gr",1/12/2028,7200,008/0326/M,14/03/2026,1
12/3/2026,26000586,QGAND01,"Gandasil B 144 X 100 gr",1/12/2028,7200,008/0326/M,14/03/2026,1
12/3/2026,26000586,QGAND02,"Gandasil B 24 X 500 gr",1/1/2029,12000,008/0326/M,14/03/2026,1
12/3/2026,26000586,QGAND02,"Gandasil B 24 X 500 gr",1/1/2029,6000,008/0326/M,14/03/2026,1
12/3/2026,26000586,QGAND02,"Gandasil B 24 X 500 gr",1/1/2029,12000,008/0326/M,14/03/2026,1
12/3/2026,26000587,QMARS03,"Marshal 200 EC 24 X 500 ml",1/11/2027,1200,B/2603/10456,14/03/2026,1
12/3/2026,26000588,QMKP01,"MKP 20 X 1 kg",1/2/2029,30600,S/2602/94650,14/03/2026,1
13/3/2026,26000589,QBLAS01,"Blast 200 SC 20 X 500 ml",1/1/1000,4120,"SH02A-260300003 SHIP TO MAS",14/03/2026,1
13/3/2026,26000590,QMETI07,"Metindo 40 SP 40 X 400 gr",1/8/2030,640,SJ25100314,14/03/2026,1
13/3/2026,26000591,QMETI05,"Metindo 25 WP 40 X 250 gr*",1/10/2029,2240,SJ25100239,14/03/2026,1
13/3/2026,26000591,QMETI05,"Metindo 25 WP 40 X 250 gr*",1/11/2029,360,SJ25100239,14/03/2026,1
13/3/2026,26000591,QMETI03,"Metindo 25 WP 10 X 10 X 100 gr*",1/3/2030,300,SJ25100239,14/03/2026,1
13/3/2026,26000591,QMETI06,"Metindo 25 WP 40 X 500 gr*",1/4/2030,800,SJ25100239,14/03/2026,1
13/3/2026,26000591,QMETI03,"Metindo 25 WP 10 X 10 X 100 gr*",1/3/2030,6000,SJ25100239,14/03/2026,1
13/3/2026,26000591,QMETI06,"Metindo 25 WP 40 X 500 gr*",1/4/2030,160,SJ25100239,14/03/2026,1
13/3/2026,26000591,QMETI06,"Metindo 25 WP 40 X 500 gr*",1/5/2030,480,SJ25100239,14/03/2026,1
13/3/2026,26000592,QFENV01,"Fenval 200 EC 15 X 1 ltr*",1/1/2031,765,SJ26020339,14/03/2026,1
13/3/2026,26000593,QMETI01,"Metindo 40 SP 10 X 10 X 100 gr",1/2/2031,4000,SJ26020169,14/03/2026,1
13/3/2026,26000593,QMETI01,"Metindo 40 SP 10 X 10 X 100 gr",1/2/2031,3000,SJ26020169,14/03/2026,1
13/3/2026,26000593,QMETI01,"Metindo 40 SP 10 X 10 X 100 gr",1/2/2031,3000,SJ26020169,14/03/2026,1
13/3/2026,26000594,QMETI06,"Metindo 25 WP 40 X 500 gr*",1/9/2030,1000,SJ25100314,14/03/2026,1
13/3/2026,26000594,QMETI06,"Metindo 25 WP 40 X 500 gr*",1/9/2030,1000,SJ25100314,14/03/2026,1
13/3/2026,26000594,QMETI06,"Metindo 25 WP 40 X 500 gr*",1/9/2030,1000,SJ25100314,14/03/2026,1
13/3/2026,26000594,QMETI06,"Metindo 25 WP 40 X 500 gr*",1/9/2030,1000,SJ25100314,14/03/2026,1
13/3/2026,26000595,QNOVL01,"Novlect 100/20 EC 20 X 500 ml",1/2/2029,2200,ID01CVASA65FJQZ,14/03/2026,1
13/3/2026,26000595,QACAP02,"Acapela System 280 SC 50 X 100 ml",1/10/2027,250,ID01CVASA65FJQZ,14/03/2026,1
13/3/2026,26000595,QLOYA01,"Loyant 25 EC 20 X 500 ml",1/11/2028,100,ID01CVASA65FJQZ,14/03/2026,1
13/3/2026,26000595,QACAP02,"Acapela System 280 SC 50 X 100 ml",1/12/2028,2000,ID01CVASA65FJQZ,14/03/2026,1
13/3/2026,26000596,QCABR02,"Cabrio 250 EC 48 X 100 ml",1/6/2030,2400,6215878237,14/03/2026,1
13/3/2026,26000597,QSELT01,"Seltima 100 CS 20 X 500 ml",1/11/2028,2400,6215878248,14/03/2026,1
13/3/2026,26000598,QCABR01,"Cabrio 250 EC 24 X 250 ml",1/6/2030,4104,6215872844,14/03/2026,1
13/3/2026,26000598,QCABR01,"Cabrio 250 EC 24 X 250 ml",1/6/2030,696,6215872844,14/03/2026,1
13/3/2026,26000599,QASIA03,"Asia Top 288 SL 20 ltr*",1/11/2030,24,DO.2026.03.00018,14/03/2026,1
13/3/2026,26000599,QWIND06,"Winda 250 SC 20 X 250 ml*",1/9/2030,520,DO.2026.03.00018,14/03/2026,1
13/3/2026,26000599,QWIND06,"Winda 250 SC 20 X 250 ml*",1/1/2031,500,DO.2026.03.00018,14/03/2026,1
13/3/2026,26000599,QWIND06,"Winda 250 SC 20 X 250 ml*",1/3/2031,980,DO.2026.03.00018,14/03/2026,1
13/3/2026,26000599,QTOPB01,"Topbas 400 SC 50 X 50 ml*",1/11/2030,750,DO.2026.03.00018,14/03/2026,1
13/3/2026,26000599,QTOPB02,"Topbas 400 SC 25 X 100 ml*",1/3/2031,750,DO.2026.03.00018,14/03/2026,1
13/3/2026,26000599,QASIA03,"Asia Top 288 SL 20 ltr*",1/7/2029,76,DO.2026.03.00018,14/03/2026,1
13/3/2026,26000600,QROUN04,"Round Up 486 SL 50 X 200 ml",1/2/2031,5000,25/26-001018-03,14/03/2026,1
13/3/2026,26000600,QROUN04,"Round Up 486 SL 50 X 200 ml",1/2/2031,2500,25/26-001018-03,14/03/2026,1
13/3/2026,26000601,QINNE02,"Inner Box Paket 3 Jurus",1/1/1000,2000,SEJ/26/03/00805,14/03/2026,1
13/3/2026,26000601,QOUTE02,"Outer Box Paket 3 Jurus",1/1/1000,100,SEJ/26/03/00805,14/03/2026,1
13/3/2026,26000602,QGARE01,"GA Recovery 20 X 500 ml*",1/1/2029,400,KKI/26/0818,14/03/2026,1
13/3/2026,26000602,QSUIC02,"Suica 50/20 WG 5 X 10 X 100 gr*",1/2/2029,500,KKI/26/0818,14/03/2026,1
13/3/2026,26000603,QROUN01,"Round Up 486 SL 12 X 1 ltr",1/2/2031,18000,"25/26-001019-03	",14/03/2026,1
2/2/2026,A26000003,AATON11,"Atonik 6.0 L 50 X 100 ml",1/1/2031,450,"146/KIU-EXP/I/2026 (BONUS DR PETUGAS)",14/03/2026,1
2/2/2026,A26000003,AATON05,"Atonik 6.0 L 15 X 500 ml",1/1/2031,135,"146/KIU-EXP/I/2026 (BONUS DR PETUGAS)",14/03/2026,1
3/2/2026,A26000004,ASUPE09,"Super-Soil 16 X 1 kg",1/1/2031,16,"TT 0001069 / SAMPLE",14/03/2026,1
23/2/2026,A26000005,APALL01,"Pallet Kayu",1/1/1000,1500,,14/03/2026,1
10/3/2026,A26000006,ATANG64,"Tangki Top Agri 2in1 16 ltr BTR",1/1/1000,2,"Bonus Avidor",14/03/2026,1
4/2/2026,A2600001B,AKUBI12,"Kubis Hibrida F1 Kaelo 30 X 15 gr",16/6/2026,28,"TT 0001107 / SAMPLE",14/03/2026,1
13/3/2026,A2600002B,AJAGU67,"Jagung Bisi 959 40 X 500 gr (Sample)",17/1/2027,200,0001299,14/03/2026,1
6/2/2026,R26000005B,QCABE69,"Cabe Sigma 20 X 12 X 10 gr",1/4/2026,137,"RETUR 0027 / Z25000206",14/03/2026,1
24/2/2026,R26000007B,QJAGU78,"Jagung DK 9209C 20 X 1 kg",1/8/2025,1517,"RETUR PABRIK 0021 / D24015608",14/03/2026,1
3/2/2026,R26000020,QDESA01,"Desanto 200 SL 100 X 100 ml*",1/3/2026,15,"RETUR 011 / T24001084, C20000698, C20003316",14/03/2026,1
3/2/2026,R26000020,QLUDE01,"Ludes 50 EC 50 X 100 ml*",1/8/2023,31,"RETUR 011 / T24001084, C20000698, C20003316",14/03/2026,1
3/2/2026,R26000020,QGRIB01,"Gibraz 20/125 OD 100 X 80 ml*",1/9/2028,90,"RETUR 011 / T24001084, C20000698, C20003316",14/03/2026,1
3/2/2026,R26000020,QPIRA01,"Piraklo 250 EC 100 X 100 ml*",1/11/2024,97,"RETUR 011 / T24001084, C20000698, C20003316",14/03/2026,1
5/2/2026,R26000021,QSPRA41,"Sprayer Elektrik Quda Karisma 10 L 1 X 6 pcs",1/1/1000,5,"RETUR 0013 / B22003268",14/03/2026,1
6/2/2026,R26000023,QQIUS01,"Qiustar 400 EC 50 X 100 ml*",1/2/2028,13,"RETUR 0015 / E23005308, D24002312",14/03/2026,1
6/2/2026,R26000023,QQIUS02,"Qiustar 400 EC 40 X 200 ml*",1/12/2026,90,"RETUR 0015 / E23005308, D24002312",14/03/2026,1
6/2/2026,R26000024,QQIUS01,"Qiustar 400 EC 50 X 100 ml*",1/2/2028,66,"RETUR 016 / D23006158, T22000738",14/03/2026,1
6/2/2026,R26000024,QQIUS02,"Qiustar 400 EC 40 X 200 ml*",1/12/2026,18,"RETUR 016 / D23006158, T22000738",14/03/2026,1
9/2/2026,R26000025,QSPRA41,"Sprayer Elektrik Quda Karisma 10 L 1 X 6 pcs",1/1/1000,1,"RETUR 0017 / B22003268",14/03/2026,1
26/2/2026,R26000032,QSPRA41,"Sprayer Elektrik Quda Karisma 10 L 1 X 6 pcs",1/1/1000,2,"RETUR 0024 / B22003268",14/03/2026,1
24/2/2026,RA2600009B,QJAGU92,"Jagung Bisi 18 20 X 1 kg (+Kaos)",1/1/1000,555,"PENGGANTI PRA260014",14/03/2026,1
5/3/2026,RA2600011B,QCABE41,"Cabe Arimbi 85 20 X 12 X 10 gr",1/1/1000,127,"PENGGANTI PRA260033",14/03/2026,1
5/3/2026,RA2600011B,QCABE69,"Cabe Sigma 20 X 12 X 10 gr",1/1/1000,137,"PENGGANTI PRA260033",14/03/2026,1
5/3/2026,RA2600011B,QTOMA29,"Tomat Comodor F1  20 X 20 X 5 gr",1/1/1000,67,"PENGGANTI PRA260033",14/03/2026,1
2/2/2026,RA2600020,QMAMI04,"Mamigro 12-9-6 20 X 500 ml",1/1/1000,60,"PENGGANTI PRA260005",14/03/2026,1
3/2/2026,RA2600021,QKARI01,"Karissnail 6 PL 20 X 500 gr (M2U)*",1/12/2028,47,"LOG/CS/I/26/006 PENGGANTI PRA260011",14/03/2026,1
3/2/2026,RA2600021,QKARI03,"Karissnail 6 PL 50 X 200 gr (M2U)*",1/12/2028,5,"LOG/CS/I/26/006 PENGGANTI PRA260011",14/03/2026,1
6/2/2026,RA2600022,QSINE02,"Sinergy 300 EC 40 X 250 ml",1/1/2031,33,"25/26 001885 -02 PENGGANTI PRA260012",14/03/2026,1
6/2/2026,RA2600023,QPASS01,"Passxone 276 SL 20 X 1 ltr*",1/1/2031,1,"SJD/0226/0015 PENGGANTI PRA260015",14/03/2026,1
6/2/2026,RA2600024,AASSO05,"Associate 200 SC 50 X 80 ml (Sample)",1/8/2027,781,"14141 PENGGANTI PRA2500026",14/03/2026,1
9/2/2026,RA2600025,QSAGR07,"Sagri-Mox 52 WP 100 X 100 gr*",1/5/2029,1721,"PENGGANTI PRA250024",14/03/2026,1
19/2/2026,RA2600027,QGABU01,"GA Bunga Buah 20 X 500 ml",1/1/1000,147,"PENGGANTI PRA260021",14/03/2026,1
18/2/2026,RA2600028,QSPRA44,"Sprayer Elektrik Joeragan Tipe 3 16 L Battery ",1/1/1000,1,"0226203229 (PENGGANTI)",14/03/2026,1
20/2/2026,RA2600029,QQIUS02,"Qiustar 400 EC 40 X 200 ml*",1/1/1000,1610,"PENGGANTI PRA260020",14/03/2026,1
20/2/2026,RA2600029,QQIUS01,"Qiustar 400 EC 50 X 100 ml*",1/1/1000,1556,"PENGGANTI PRA260020",14/03/2026,1
21/2/2026,RA2600030,QNPKM13,"NPK 17-17-17 MPS 20 kg",1/1/2028,43,"PENGGANTI PRA260025",14/03/2026,1
24/2/2026,RA2600031,QMUL133,"Mulsa Hanoman 58 cm X 17 Kg (Roll) Putih",1/1/1000,2,"PENGGANTI PRA260009",14/03/2026,1
24/2/2026,RA2600032,QGAND01,"Gandasil B 144 X 100 gr",1/5/2028,288,"PENGGANTI PRA260017",14/03/2026,1
24/2/2026,RA2600032,QGAND04,"Gandasil D 24 X 500 gr",1/11/2028,120,"PENGGANTI PRA260017",14/03/2026,1
26/2/2026,RA2600033,QAMIN05,"Aminosong Mango 10 X 1 ltr",1/1/1000,90,"PENGGANTI PRA260030",14/03/2026,1
26/2/2026,RA2600033,QAMIN04,"Aminosong Mango 20 X 500 ml",1/1/1000,109,"PENGGANTI PRA260030",14/03/2026,1
27/2/2026,RA2600036,QCASH01,"Cash Flow 30 EC 24 X 250 ml",1/1/1000,600,"PENGGANTI PRA260031",14/03/2026,1
27/2/2026,RA2600036,QCASH02,"Cash Flow 30 EC 50 X 100 ml",1/1/1000,250,"PENGGANTI PRA260031",14/03/2026,1
3/3/2026,RA2600040,QACTI03,"Actigrow 20 X 500 ml*",1/1/1000,1444,"PENGGANTI PRA260026",14/03/2026,1
3/3/2026,RA2600040,QACTI04,"Actigrow 12 X 1 ltr*",1/1/1000,923,"PENGGANTI PRA260026",14/03/2026,1
3/3/2026,RA2600041,QGAME02,"Gamectin 30 EC 40 X 250 ml*",1/10/2029,3,"PENGGANTI PRA260018",14/03/2026,1
10/3/2026,RA2600044,QBIOS01,"Biosoft 20 X 1 ltr*",1/12/2028,5,"PENGGANTI PRA260029",14/03/2026,1
12/3/2026,RA2600046,QROZA01,"Roza Xtra 610 EC 100 X 100 ml*",1/1/1000,587,"PENGGANTI PRA260035",14/03/2026,1
12/3/2026,RA2600046,QROZA03,"Roza Xtra 610 EC 12 X 900 ml*",1/1/1000,276,"PENGGANTI PRA260035",14/03/2026,1
12/3/2026,RA2600046,QROZA02,"Roza Xtra 610 EC 20 X 400 ml*",1/1/1000,365,"PENGGANTI PRA260035",14/03/2026,1
12/3/2026,RA2600046,QIJOK01,"Ijokabe 12 X 25 X 20 ml*",1/1/1000,13818,"PENGGANTI PRA260035",14/03/2026,1
12/3/2026,RA2600046,QRIOM01,"Riomax 300 EC 100 X 100 ml*",1/1/1000,2360,"PENGGANTI PRA260035",14/03/2026,1
12/3/2026,RA2600046,QRIOM02,"Riomax 300 EC 40 X 250 ml*",1/1/1000,527,"PENGGANTI PRA260035",14/03/2026,1
2/2/2026,X26000013,ZZKAOS274,"Kaos Robust",1/1/1000,70,SJANT2026011023,14/03/2026,1
3/2/2026,X26000014,ZZSMAR01,"Smart TV Toshiba 32""",1/1/1000,1,"Bonus dari beli kendaraan",14/03/2026,1
4/2/2026,X26000015,ZZKAOS288,"Kaos Lengan Panjang Paket 3 Jurus",1/1/1000,2000,SJ,14/03/2026,1
7/2/2026,X26000016,ZZBANN13,"Banner Paket Ulat",1/1/1000,50,SJ,14/03/2026,1
10/2/2026,X26000017,ZZKAOS155,"Kaos MKD Neocron",1/1/1000,325,08/II/MKD/2026,14/03/2026,1
10/2/2026,X26000017A,ZZKAOS155,"Kaos MKD Neocron",1/1/1000,875,08/II/MKD/2026,14/03/2026,1
10/2/2026,X26000018,ZZKAOS155,"Kaos MKD Neocron",1/1/1000,3600,07/II/MKD/2026,14/03/2026,1
10/2/2026,X26000019,ZZUMBU15,"Umbul-Umbul Bisi 959",1/1/1000,320,"TT 0001082 (UP PAK HERU)",14/03/2026,1
12/2/2026,X26000020,ZZKAOS242,"Kaos Mulsa Ori Gajah",1/1/1000,37,KIU/001/II/26,14/03/2026,1
13/2/2026,X26000021,ZZKAOS155,"Kaos MKD Neocron",1/1/1000,3000,12/II/MKD/2026,14/03/2026,1
19/2/2026,X26000022,ZZKAOS155,"Kaos MKD Neocron",1/1/1000,2000,13/II/MKD/2026,14/03/2026,1
19/2/2026,X26000023,ZZROLL01,"Roll Banner Cling",1/1/1000,2,SJ,14/03/2026,1
19/2/2026,X26000023,ZZROLL02,"Roll Banner BISI 959",1/1/1000,2,SJ,14/03/2026,1
19/2/2026,X26000024,ZZBANN14,"Banner Cling",1/1/1000,10,SJ,14/03/2026,1
19/2/2026,X26000025,ZZSARU22,"Sarung Arabi Madinah",1/1/1000,220,"SJ / Bonus Program Semarak Ramadhan 1447 H",14/03/2026,1
20/2/2026,X26000026,ZZKAOS242,"Kaos Mulsa Ori Gajah",1/1/1000,13,KIU/002/II/26,14/03/2026,1
21/2/2026,X26000027,ZZEMBER02,"Ember (Bonus Benabel/Colam/Liding)",1/1/1000,760,SJ,14/03/2026,1
23/2/2026,X26000028,ZZKAOS287,"Kaos Nikodem",1/1/1000,2790,SJ,14/03/2026,1
23/2/2026,X26000028,ZZKAOS286,"Kaos Lenadro",1/1/1000,3350,SJ,14/03/2026,1
24/2/2026,X26000029,ZZBANN15,"Banner Paket Ulat 60 cm X 90 cm",1/1/1000,50,SJ,14/03/2026,1
24/2/2026,X26000029,ZZBANN16,"Banner Paket Ulat 200 cm X 100 cm",1/1/1000,25,SJ,14/03/2026,1
27/2/2026,X26000030,ZZPARC05,"Parcel Paket E",1/1/1000,150,"PARCEL IDUL FITRI DAN NYEPI",14/03/2026,1
27/2/2026,X26000031,ZZPARC04,"Parcel Paket D",1/1/1000,100,"PARCEL IDUL FITRI DAN NYEPI",14/03/2026,1
27/2/2026,X26000032,ZZPARC04,"Parcel Paket D",1/1/1000,50,"PARCEL IDUL FITRI DAN NYEPI",14/03/2026,1
27/2/2026,X26000033,ZZPARC04,"Parcel Paket D",1/1/1000,145,"PARCEL IDUL FITRI DAN NYEPI",14/03/2026,1
27/2/2026,X26000034,ZZSARU22,"Sarung Arabi Madinah",1/1/1000,230,"SJ / Bonus Program Semarak Ramadhan 1447 H",14/03/2026,1
28/2/2026,X26000035,ZZKAOS95,"Kaos Mulsa Universal",1/1/1000,15,KIU/003/II/26,14/03/2026,1
2/3/2026,X26000036,ZZKAOS289,"Kaos Kerah Cling",1/1/1000,20,SJ,14/03/2026,1
2/3/2026,X26000037,ZZEMBER02,"Ember (Bonus Benabel/Colam/Liding)",1/1/1000,3000,SJ,14/03/2026,1
2/3/2026,X26000037A,ZZEMBER02,"Ember (Bonus Benabel/Colam/Liding)",1/1/1000,500,SJ,14/03/2026,1
3/3/2026,X26000038,ZZKAOS155,"Kaos MKD Neocron",1/1/1000,2000,19/III/MKD/2026,14/03/2026,1
3/3/2026,X26000039,ZZKAOS287,"Kaos Nikodem",1/1/1000,1270,25449,14/03/2026,1
3/3/2026,X26000039,ZZKAOS286,"Kaos Lenadro",1/1/1000,1070,25449,14/03/2026,1
3/3/2026,X26000040,ZZKAOS195,"Kaos Java Karlos",1/1/1000,253,DO2603001832,14/03/2026,1
4/3/2026,X26000041,ZZKAOS198,"Kaos Lengan Panjang Pinamec",1/1/1000,500,"005/JAI/MJS/III/2026 SHIP TO FAST",14/03/2026,1
5/3/2026,X26000042,ZZKAOS258,"Kaos Asetor",1/1/1000,200,AJL/II/2026/076,14/03/2026,1
5/3/2026,X26000043,ZZEMBER02,"Ember (Bonus Benabel/Colam/Liding)",1/1/1000,1900,B603-00054,14/03/2026,1
5/3/2026,X26000043A,ZZEMBER02,"Ember (Bonus Benabel/Colam/Liding)",1/1/1000,1200,"B603-00054 / Kelebebihan kirim",14/03/2026,1
6/3/2026,X26000044,ZZKAOS290,"Kaos Lengan Panjang Agrogibb",1/1/1000,500,DO-2026-00309,14/03/2026,1
6/3/2026,X26000045,ZZSARU22,"Sarung Arabi Madinah",1/1/1000,300,"SJ / Bonus Program Semarak Ramadhan 1446 H",14/03/2026,1
12/3/2026,X26000046,ZZKAOS26,"Kaos MIA Trio Dahsyat",1/1/1000,2898,0001295,14/03/2026,1
13/3/2026,X26000047,ZZKAOS088,"Kaos Lengan Panjang Paket Ulat",1/1/1000,1580,SJ,14/03/2026,1
